SampleID,Comments,Sample type,Isolation Kit,Repetition,Plate,Position,isolation conc.,Library Plate,Library position,PCR1. conc.,QuantIT DNA concentration (ng/µl),Fragment size,Purity,nM concentration,i7 index,...17,i5 index,...19,project,Control,Control info,Ezyme used,ProjectName,Lane,Index,# Reads,# Perfect Index Reads,# One Mismatch Index Reads,# Two Mismatch Index Reads,% Reads,% Perfect Index Reads,% One Mismatch Index Reads,% Two Mismatch Index Reads,Yield
HTL042,0,0,CTAB,0,0,A1,0,SetA,A1,0,4.2342,540,100,11.8806,N701,TAAGGCGA,S502,CTCTCTAT,,NA,NA,878N,P_240507_Salan006_C16S_setA,1,TAAGGCGA-ATAGAGAG,210075,200265,9810,0,0.0015,0.9533,0.0467,0,PASS
HTL024,0,0,Zymo,0,0,B1,0,SetA,B1,0,4.9943,540,100,14.013,N701,TAAGGCGA,S503,TATCCTCT,,NA,NA,878N,P_240507_Salan006_C16S_setA,1,TAAGGCGA-AGAGGATA,219273,210199,9074,0,0.0016,0.9586,0.0414,0,PASS
HTL044,0,0,Zymo,0,0,C1,0,SetA,C1,0,5.6137,540,100,15.7513,N701,TAAGGCGA,S505,GTAAGGAG,,NA,NA,878N,P_240507_Salan006_C16S_setA,1,TAAGGCGA-CTCCTTAC,197066,189497,7569,0,0.0014,0.9616,0.0384,0,PASS
HTL045,0,0,Other,0,0,D1,0,SetA,D1,0,4.2577,540,100,11.9464,N701,TAAGGCGA,S506,ACTGCATA,,NA,NA,878N,P_240507_Salan006_C16S_setA,1,TAAGGCGA-TATGCAGT,164529,153667,10862,0,0.0012,0.934,0.066,0,PASS
HTL016,0,0,Zymo,0,0,E1,0,SetA,E1,0,3.8655,540,100,10.8458,N701,TAAGGCGA,S507,AAGGAGTA,,NA,NA,878N,P_240507_Salan006_C16S_setA,1,TAAGGCGA-TACTCCTT,177806,171007,6799,0,0.0013,0.9618,0.0382,0,PASS
HTL026,0,0,Zymo,0,0,F1,0,SetA,F1,0,3.2693,540,100,9.1731,N701,TAAGGCGA,S508,CTAAGCCT,,NA,NA,878N,P_240507_Salan006_C16S_setA,1,TAAGGCGA-AGGCTTAG,165468,158646,6822,0,0.0012,0.9588,0.0412,0,PASS
HTF16T1,0,0,Zymo,0,0,G1,0,SetA,G1,0,2.9154,540,100,8.1801,N701,TAAGGCGA,S510,CGTCTAAT,,NA,NA,878N,P_240507_Salan006_C16S_setA,1,TAAGGCGA-ATTAGACG,195603,187889,7714,0,0.0014,0.9606,0.0394,0,PASS
HTL082,0,0,CTAB,0,0,H1,0,SetA,H1,0,0.0661,540,100,0.1855,N701,TAAGGCGA,S511,TCTCTCCG,,NA,NA,878N,P_240507_Salan006_C16S_setA,1,TAAGGCGA-CGGAGAGA,29287,27204,2083,0,0.0002,0.9289,0.0711,0,FAILED
HTL032,0,0,Zymo,0,0,A2,0,SetA,A2,0,5.2219,540,100,14.6519,N702,CGTACTAG,S502,CTCTCTAT,,NA,NA,878N,P_240507_Salan006_C16S_setA,1,CGTACTAG-ATAGAGAG,241084,228848,12236,0,0.0018,0.9492,0.0508,0,PASS
HTL062,0,0,CTAB,0,0,B2,0,SetA,B2,0,5.5503,540,100,15.5731,N702,CGTACTAG,S503,TATCCTCT,,NA,NA,878N,P_240507_Salan006_C16S_setA,1,CGTACTAG-AGAGGATA,183637,174554,9083,0,0.0013,0.9505,0.0495,0,PASS
HTL015,0,0,Zymo,0,0,C2,0,SetA,C2,0,4.8859,540,100,13.709,N702,CGTACTAG,S505,GTAAGGAG,,NA,NA,878N,P_240507_Salan006_C16S_setA,1,CGTACTAG-CTCCTTAC,146734,139727,7007,0,0.0011,0.9522,0.0478,0,PASS
HTL035,0,0,Other,0,0,D2,0,SetA,D2,0,5.2591,540,100,14.756,N702,CGTACTAG,S506,ACTGCATA,,NA,NA,878N,P_240507_Salan006_C16S_setA,1,CGTACTAG-TATGCAGT,166530,154621,11909,0,0.0012,0.9285,0.0715,0,PASS
HTL046,0,0,Zymo,0,0,E2,0,SetA,E2,0,4.3118,540,100,12.0983,N702,CGTACTAG,S507,AAGGAGTA,,NA,NA,878N,P_240507_Salan006_C16S_setA,1,CGTACTAG-TACTCCTT,170563,162393,8170,0,0.0012,0.9521,0.0479,0,PASS
HTF21T1,0,0,Zymo,0,0,F2,0,SetA,F2,0,3.931,540,100,11.0297,N702,CGTACTAG,S508,CTAAGCCT,,NA,NA,878N,P_240507_Salan006_C16S_setA,1,CGTACTAG-AGGCTTAG,150829,143281,7548,0,0.0011,0.95,0.05,0,PASS
HTF04T0,0,0,Zymo,0,0,G2,0,SetA,G2,0,2.4263,540,100,6.8078,N702,CGTACTAG,S510,CGTCTAAT,,NA,NA,878N,P_240507_Salan006_C16S_setA,1,CGTACTAG-ATTAGACG,147889,140556,7333,0,0.0011,0.9504,0.0496,0,PASS
HTL084,0,0,Zymo,0,0,H2,0,SetA,H2,0,1.3898,540,100,3.8994,N702,CGTACTAG,S511,TCTCTCCG,,NA,NA,878N,P_240507_Salan006_C16S_setA,1,CGTACTAG-CGGAGAGA,59542,55305,4237,0,0.0004,0.9288,0.0712,0,FAILED
HTL073,0,0,CTAB,0,0,A3,0,SetA,A3,0,4.6612,540,100,13.0787,N703,AGGCAGAA,S502,CTCTCTAT,,NA,NA,878N,P_240507_Salan006_C16S_setA,1,AGGCAGAA-ATAGAGAG,230074,216060,14014,0,0.0017,0.9391,0.0609,0,PASS
HTL053,0,0,Zymo,0,0,B3,0,SetA,B3,0,4.2131,540,100,11.8211,N703,AGGCAGAA,S503,TATCCTCT,,NA,NA,878N,P_240507_Salan006_C16S_setA,1,AGGCAGAA-AGAGGATA,230261,217440,12821,0,0.0017,0.9443,0.0557,0,PASS
HTL065,0,0,CTAB,0,0,C3,0,SetA,C3,0,5.5016,540,100,15.4367,N703,AGGCAGAA,S505,GTAAGGAG,,NA,NA,878N,P_240507_Salan006_C16S_setA,1,AGGCAGAA-CTCCTTAC,195950,185457,10493,0,0.0014,0.9465,0.0535,0,PASS
HTL056,0,0,CTAB,0,0,D3,0,SetA,D3,0,1.9749,540,100,5.5414,N703,AGGCAGAA,S506,ACTGCATA,,NA,NA,878N,P_240507_Salan006_C16S_setA,1,AGGCAGAA-TATGCAGT,212212,190841,21371,0,0.0016,0.8993,0.1007,0,PASS
HTL037,0,0,Zymo,0,0,E3,0,SetA,E3,0,4.2788,540,100,12.0056,N703,AGGCAGAA,S507,AAGGAGTA,,NA,NA,878N,P_240507_Salan006_C16S_setA,1,AGGCAGAA-TACTCCTT,205531,196071,9460,0,0.0015,0.954,0.046,0,PASS
HTF13T0,0,0,Zymo,0,0,F3,0,SetA,F3,0,4.8902,540,100,13.721,N703,AGGCAGAA,S508,CTAAGCCT,,NA,NA,878N,P_240507_Salan006_C16S_setA,1,AGGCAGAA-AGGCTTAG,194384,182703,11681,0,0.0014,0.9399,0.0601,0,PASS
HTF29T0,0,0,CTAB,0,0,G3,0,SetA,G3,0,3.691,540,100,10.3565,N703,AGGCAGAA,S510,CGTCTAAT,,NA,NA,878N,P_240507_Salan006_C16S_setA,1,AGGCAGAA-ATTAGACG,176822,167580,9242,0,0.0013,0.9477,0.0523,0,PASS
HTF27T0,0,0,CTAB,0,0,H3,0,SetA,H3,0,2.0364,540,100,5.7139,N703,AGGCAGAA,S511,TCTCTCCG,,NA,NA,878N,P_240507_Salan006_C16S_setA,1,AGGCAGAA-CGGAGAGA,107658,97393,10265,0,0.0008,0.9047,0.0953,0,PASS
HTL022,0,0,CTAB,0,0,A4,0,SetA,A4,0,6.4154,540,100,18.0006,N704,TCCTGAGC,S502,CTCTCTAT,,NA,NA,878N,P_240507_Salan006_C16S_setA,1,TCCTGAGC-ATAGAGAG,197884,188706,9178,0,0.0014,0.9536,0.0464,0,PASS
HTL034,0,0,CTAB,0,0,B4,0,SetA,B4,0,7.3396,540,100,20.5937,N704,TCCTGAGC,S503,TATCCTCT,,NA,NA,878N,P_240507_Salan006_C16S_setA,1,TCCTGAGC-AGAGGATA,158033,151270,6763,0,0.0012,0.9572,0.0428,0,PASS
HTL007,0,0,Zymo,0,0,C4,0,SetA,C4,0,5.7179,540,100,16.0434,N704,TCCTGAGC,S505,GTAAGGAG,,NA,NA,878N,P_240507_Salan006_C16S_setA,1,TCCTGAGC-CTCCTTAC,127582,122822,4760,0,0.0009,0.9627,0.0373,0,PASS
HTL076,0,0,Zymo,0,0,D4,0,SetA,D4,0,7.2996,540,100,20.4816,N704,TCCTGAGC,S506,ACTGCATA,,NA,NA,878N,P_240507_Salan006_C16S_setA,1,TCCTGAGC-TATGCAGT,167986,154892,13094,0,0.0012,0.9221,0.0779,0,PASS
HTL066,0,0,Zymo,0,0,E4,0,SetA,E4,0,5.1225,540,100,14.3729,N704,TCCTGAGC,S507,AAGGAGTA,,NA,NA,878N,P_240507_Salan006_C16S_setA,1,TCCTGAGC-TACTCCTT,116928,112300,4628,0,0.0009,0.9604,0.0396,0,PASS
HTF22T0,0,0,CTAB,0,0,F4,0,SetA,F4,0,4.8492,540,100,13.6062,N704,TCCTGAGC,S508,CTAAGCCT,,NA,NA,878N,P_240507_Salan006_C16S_setA,1,TCCTGAGC-AGGCTTAG,165285,157650,7635,0,0.0012,0.9538,0.0462,0,PASS
HTF12T0,0,0,Zymo,0,0,G4,0,SetA,G4,0,4.0344,540,100,11.32,N704,TCCTGAGC,S510,CGTCTAAT,,NA,NA,878N,P_240507_Salan006_C16S_setA,1,TCCTGAGC-ATTAGACG,149783,143594,6189,0,0.0011,0.9587,0.0413,0,PASS
HTF03T1,0,0,Zymo,0,0,H4,0,SetA,H4,0,3.0126,540,100,8.4529,N704,TCCTGAGC,S511,TCTCTCCG,,NA,NA,878N,P_240507_Salan006_C16S_setA,1,TCCTGAGC-CGGAGAGA,126654,119684,6970,0,0.0009,0.945,0.055,0,PASS
HTL013,0,0,Zymo,0,0,A5,0,SetA,A5,0,5.4585,540,100,15.3158,N705,GGACTCCT,S502,CTCTCTAT,,NA,NA,878N,P_240507_Salan006_C16S_setA,1,GGACTCCT-ATAGAGAG,260824,243956,16868,0,0.0019,0.9353,0.0647,0,PASS
HTL055,0,0,Zymo,0,0,B5,0,SetA,B5,0,5.6397,540,100,15.8242,N705,GGACTCCT,S503,TATCCTCT,,NA,NA,878N,P_240507_Salan006_C16S_setA,1,GGACTCCT-AGAGGATA,252791,237621,15170,0,0.0019,0.94,0.06,0,PASS
HTL075,0,0,Zymo,0,0,C5,0,SetA,C5,0,3.8228,540,100,10.7263,N705,GGACTCCT,S505,GTAAGGAG,,NA,NA,878N,P_240507_Salan006_C16S_setA,1,GGACTCCT-CTCCTTAC,232032,219570,12462,0,0.0017,0.9463,0.0537,0,PASS
HTL038,0,0,Zymo,0,0,D5,0,SetA,D5,0,5.5081,540,100,15.4548,N705,GGACTCCT,S506,ACTGCATA,,NA,NA,878N,P_240507_Salan006_C16S_setA,1,GGACTCCT-TATGCAGT,251799,232634,19165,0,0.0018,0.9239,0.0761,0,PASS
HTL027,0,0,Other,0,0,E5,0,SetA,E5,0,4.8357,540,100,13.5682,N705,GGACTCCT,S507,AAGGAGTA,,NA,NA,878N,P_240507_Salan006_C16S_setA,1,GGACTCCT-TACTCCTT,246591,233101,13490,0,0.0018,0.9453,0.0547,0,PASS
HTL094,0,0,Zymo,0,0,F5,0,SetA,F5,0,4.6547,540,100,13.0605,N705,GGACTCCT,S508,CTAAGCCT,,NA,NA,878N,P_240507_Salan006_C16S_setA,1,GGACTCCT-AGGCTTAG,242728,227775,14953,0,0.0018,0.9384,0.0616,0,PASS
HTL092,0,0,Zymo,0,0,G5,0,SetA,G5,0,4.0461,540,100,11.3527,N705,GGACTCCT,S510,CGTCTAAT,,NA,NA,878N,P_240507_Salan006_C16S_setA,1,GGACTCCT-ATTAGACG,200610,187759,12851,0,0.0015,0.9359,0.0641,0,PASS
HTF07T0,0,0,Zymo,0,0,H5,0,SetA,H5,0,3.3387,540,100,9.3678,N705,GGACTCCT,S511,TCTCTCCG,,NA,NA,878N,P_240507_Salan006_C16S_setA,1,GGACTCCT-CGGAGAGA,171965,157953,14012,0,0.0013,0.9185,0.0815,0,PASS
HTL004,0,0,CTAB,0,0,A6,0,SetA,A6,0,5.852,540,100,16.4198,N706,TAGGCATG,S502,CTCTCTAT,,NA,NA,878N,P_240507_Salan006_C16S_setA,1,TAGGCATG-ATAGAGAG,208036,197569,10467,0,0.0015,0.9497,0.0503,0,PASS
HTL006,0,0,CTAB,0,0,B6,0,SetA,B6,0,5.4295,540,100,15.2344,N706,TAGGCATG,S503,TATCCTCT,,NA,NA,878N,P_240507_Salan006_C16S_setA,1,TAGGCATG-AGAGGATA,224298,214221,10077,0,0.0016,0.9551,0.0449,0,PASS
HTL008,0,0,CTAB,0,0,C6,0,SetA,C6,0,5.5092,540,100,15.4581,N706,TAGGCATG,S505,GTAAGGAG,,NA,NA,878N,P_240507_Salan006_C16S_setA,1,TAGGCATG-CTCCTTAC,200710,192079,8631,0,0.0015,0.957,0.043,0,PASS
HTF05T0,0,0,CTAB,0,0,D6,0,SetA,D6,0,4.8631,540,100,13.6451,N706,TAGGCATG,S506,ACTGCATA,,NA,NA,878N,P_240507_Salan006_C16S_setA,1,TAGGCATG-TATGCAGT,202594,184985,17609,0,0.0015,0.9131,0.0869,0,PASS
HTL017,0,0,CTAB,0,0,E6,0,SetA,E6,0,4.6089,540,100,12.9318,N706,TAGGCATG,S507,AAGGAGTA,,NA,NA,878N,P_240507_Salan006_C16S_setA,1,TAGGCATG-TACTCCTT,195070,186902,8168,0,0.0014,0.9581,0.0419,0,PASS
HTF24T0,0,0,CTAB,0,0,F6,0,SetA,F6,0,4.2805,540,100,12.0105,N706,TAGGCATG,S508,CTAAGCCT,,NA,NA,878N,P_240507_Salan006_C16S_setA,1,TAGGCATG-AGGCTTAG,180808,172150,8658,0,0.0013,0.9521,0.0479,0,PASS
HTF08T0,0,0,Zymo,0,0,G6,0,SetA,G6,0,4.067,540,100,11.4113,N706,TAGGCATG,S510,CGTCTAAT,,NA,NA,878N,P_240507_Salan006_C16S_setA,1,TAGGCATG-ATTAGACG,170245,162576,7669,0,0.0012,0.955,0.045,0,PASS
HTF16T0,0,0,CTAB,0,0,H6,0,SetA,H6,0,2.3434,540,100,6.5753,N706,TAGGCATG,S511,TCTCTCCG,,NA,NA,878N,P_240507_Salan006_C16S_setA,1,TAGGCATG-CGGAGAGA,162620,152225,10395,0,0.0012,0.9361,0.0639,0,PASS
HTL072,0,0,Zymo,0,0,A7,0,SetA,A7,0,3.2089,540,100,9.0038,N707,CTCTCTAC,S502,CTCTCTAT,,NA,NA,878N,P_240507_Salan006_C16S_setA,1,CTCTCTAC-ATAGAGAG,242143,229223,12920,0,0.0018,0.9466,0.0534,0,PASS
HTL074,0,0,Zymo,0,0,B7,0,SetA,B7,0,4.2041,540,100,11.7959,N707,CTCTCTAC,S503,TATCCTCT,,NA,NA,878N,P_240507_Salan006_C16S_setA,1,CTCTCTAC-AGAGGATA,204024,193665,10359,0,0.0015,0.9492,0.0508,0,PASS
HTF13T1,0,0,Zymo,0,0,C7,0,SetA,C7,0,5.0729,540,100,14.2337,N707,CTCTCTAC,S505,GTAAGGAG,,NA,NA,878N,P_240507_Salan006_C16S_setA,1,CTCTCTAC-CTCCTTAC,205385,196034,9351,0,0.0015,0.9545,0.0455,0,PASS
HTL086,0,0,Zymo,0,0,D7,0,SetA,D7,0,4.3622,540,100,12.2396,N707,CTCTCTAC,S506,ACTGCATA,,NA,NA,878N,P_240507_Salan006_C16S_setA,1,CTCTCTAC-TATGCAGT,182714,167132,15582,0,0.0013,0.9147,0.0853,0,PASS
HTF18T0,0,0,CTAB,0,0,E7,0,SetA,E7,0,4.3952,540,100,12.3322,N707,CTCTCTAC,S507,AAGGAGTA,,NA,NA,878N,P_240507_Salan006_C16S_setA,1,CTCTCTAC-TACTCCTT,175141,167691,7450,0,0.0013,0.9575,0.0425,0,PASS
HTF27T1,0,0,Zymo,0,0,F7,0,SetA,F7,0,4.3076,540,100,12.0866,N707,CTCTCTAC,S508,CTAAGCCT,,NA,NA,878N,P_240507_Salan006_C16S_setA,1,CTCTCTAC-AGGCTTAG,173448,164826,8622,0,0.0013,0.9503,0.0497,0,PASS
HTL081,0,0,Zymo,0,0,G7,0,SetA,G7,0,2.7112,540,100,7.6073,N707,CTCTCTAC,S510,CGTCTAAT,,NA,NA,878N,P_240507_Salan006_C16S_setA,1,CTCTCTAC-ATTAGACG,186660,177980,8680,0,0.0014,0.9535,0.0465,0,PASS
HTF21T0,0,0,Zymo,0,0,H7,0,SetA,H7,0,1.8704,540,100,5.2479,N707,CTCTCTAC,S511,TCTCTCCG,,NA,NA,878N,P_240507_Salan006_C16S_setA,1,CTCTCTAC-CGGAGAGA,87408,81591,5817,0,0.0006,0.9335,0.0665,0,PASS
HTL061,0,0,CTAB,0,0,A8,0,SetA,A8,0,4.4554,540,100,12.501,N710,CGAGGCTG,S502,CTCTCTAT,,NA,NA,878N,P_240507_Salan006_C16S_setA,1,CGAGGCTG-ATAGAGAG,167156,159056,8100,0,0.0012,0.9515,0.0485,0,PASS
HTL063,0,0,CTAB,0,0,B8,0,SetA,B8,0,5.0223,540,100,14.0918,N710,CGAGGCTG,S503,TATCCTCT,,NA,NA,878N,P_240507_Salan006_C16S_setA,1,CGAGGCTG-AGAGGATA,176274,168261,8013,0,0.0013,0.9545,0.0455,0,PASS
HTF18T1,0,0,CTAB,0,0,C8,0,SetA,C8,0,4.0477,540,100,11.3572,N710,CGAGGCTG,S505,GTAAGGAG,,NA,NA,878N,P_240507_Salan006_C16S_setA,1,CGAGGCTG-CTCCTTAC,176847,169278,7569,0,0.0013,0.9572,0.0428,0,PASS
HTL096,0,0,Zymo,0,0,D8,0,SetA,D8,0,4.7402,540,100,13.3002,N710,CGAGGCTG,S506,ACTGCATA,,NA,NA,878N,P_240507_Salan006_C16S_setA,1,CGAGGCTG-TATGCAGT,161942,150546,11396,0,0.0012,0.9296,0.0704,0,PASS
HTL047,0,0,CTAB,0,0,E8,0,SetA,E8,0,4.274,540,100,11.9921,N710,CGAGGCTG,S507,AAGGAGTA,,NA,NA,878N,P_240507_Salan006_C16S_setA,1,CGAGGCTG-TACTCCTT,171571,164100,7471,0,0.0013,0.9565,0.0435,0,PASS
HTF07T1,0,0,Zymo,0,0,F8,0,SetA,F8,0,4.7588,540,100,13.3523,N710,CGAGGCTG,S508,CTAAGCCT,,NA,NA,878N,P_240507_Salan006_C16S_setA,1,CGAGGCTG-AGGCTTAG,148138,141021,7117,0,0.0011,0.952,0.048,0,PASS
HTF17T1,0,0,CTAB,0,0,G8,0,SetA,G8,0,3.7836,540,100,10.6163,N710,CGAGGCTG,S510,CGTCTAAT,,NA,NA,878N,P_240507_Salan006_C16S_setA,1,CGAGGCTG-ATTAGACG,143896,136980,6916,0,0.0011,0.9519,0.0481,0,PASS
HTF11T1,0,0,Other,0,0,H8,0,SetA,H8,0,2.2189,540,100,6.2259,N710,CGAGGCTG,S511,TCTCTCCG,,NA,NA,878N,P_240507_Salan006_C16S_setA,1,CGAGGCTG-CGGAGAGA,104038,97952,6086,0,0.0008,0.9415,0.0585,0,PASS
HTL052,0,0,CTAB,0,0,A9,0,SetA,A9,0,5.5862,540,100,15.674,N711,AAGAGGCA,S502,CTCTCTAT,,NA,NA,878N,P_240507_Salan006_C16S_setA,1,AAGAGGCA-ATAGAGAG,262101,246628,15473,0,0.0019,0.941,0.059,0,PASS
HTL043,0,0,Zymo,0,0,B9,0,SetA,B9,0,5.4541,540,100,15.3033,N711,AAGAGGCA,S503,TATCCTCT,,NA,NA,878N,P_240507_Salan006_C16S_setA,1,AAGAGGCA-AGAGGATA,231089,218038,13051,0,0.0017,0.9435,0.0565,0,PASS
HTL018,0,0,Zymo,0,0,C9,0,SetA,C9,0,5.0514,540,100,14.1733,N711,AAGAGGCA,S505,GTAAGGAG,,NA,NA,878N,P_240507_Salan006_C16S_setA,1,AAGAGGCA-CTCCTTAC,220927,209382,11545,0,0.0016,0.9477,0.0523,0,PASS
HTL095,0,0,Zymo,0,0,D9,0,SetA,D9,0,5.1664,540,100,14.4961,N711,AAGAGGCA,S506,ACTGCATA,,NA,NA,878N,P_240507_Salan006_C16S_setA,1,AAGAGGCA-TATGCAGT,252439,225698,26741,0,0.0018,0.8941,0.1059,0,PASS
HTF14T0,0,0,CTAB,0,0,E9,0,SetA,E9,0,4.3741,540,100,12.273,N711,AAGAGGCA,S507,AAGGAGTA,,NA,NA,878N,P_240507_Salan006_C16S_setA,1,AAGAGGCA-TACTCCTT,248834,237373,11461,0,0.0018,0.9539,0.0461,0,PASS
HTL093,0,0,Zymo,0,0,F9,0,SetA,F9,0,4.524,540,100,12.6936,N711,AAGAGGCA,S508,CTAAGCCT,,NA,NA,878N,P_240507_Salan006_C16S_setA,1,AAGAGGCA-AGGCTTAG,211499,198157,13342,0,0.0015,0.9369,0.0631,0,PASS
HTF26T1,0,0,CTAB,0,0,G9,0,SetA,G9,0,1.535,540,100,4.307,N711,AAGAGGCA,S510,CGTCTAAT,,NA,NA,878N,P_240507_Salan006_C16S_setA,1,AAGAGGCA-ATTAGACG,312759,297810,14949,0,0.0023,0.9522,0.0478,0,PASS
HTF02T1,0,0,CTAB,0,0,H9,0,SetA,H9,0,2.0993,540,100,5.8903,N711,AAGAGGCA,S511,TCTCTCCG,,NA,NA,878N,P_240507_Salan006_C16S_setA,1,AAGAGGCA-CGGAGAGA,115193,104704,10489,0,0.0008,0.9089,0.0911,0,PASS
HTL033,0,0,CTAB,0,0,A10,0,SetA,A10,0,5.3416,540,100,14.9878,N712,GTAGAGGA,S502,CTCTCTAT,,NA,NA,878N,P_240507_Salan006_C16S_setA,1,GTAGAGGA-ATAGAGAG,230288,218042,12246,0,0.0017,0.9468,0.0532,0,PASS
HTL054,0,0,Zymo,0,0,B10,0,SetA,B10,0,3.7093,540,100,10.4077,N712,GTAGAGGA,S503,TATCCTCT,,NA,NA,878N,P_240507_Salan006_C16S_setA,1,GTAGAGGA-AGAGGATA,196901,187407,9494,0,0.0014,0.9518,0.0482,0,PASS
HTL009,0,0,CTAB,0,0,C10,0,SetA,C10,0,4.8979,540,100,13.7427,N712,GTAGAGGA,S505,GTAAGGAG,,NA,NA,878N,P_240507_Salan006_C16S_setA,1,GTAGAGGA-CTCCTTAC,142710,135643,7067,0,0.001,0.9505,0.0495,0,PASS
HTF04T1,0,0,Zymo,0,0,D10,0,SetA,D10,0,5.3159,540,100,14.9154,N712,GTAGAGGA,S506,ACTGCATA,,NA,NA,878N,P_240507_Salan006_C16S_setA,1,GTAGAGGA-TATGCAGT,201338,186519,14819,0,0.0015,0.9264,0.0736,0,PASS
HTF09T1,0,0,Other,0,0,E10,0,SetA,E10,0,3.601,540,100,10.104,N712,GTAGAGGA,S507,AAGGAGTA,,NA,NA,878N,P_240507_Salan006_C16S_setA,1,GTAGAGGA-TACTCCTT,183097,174787,8310,0,0.0013,0.9546,0.0454,0,PASS
HTF12T1,0,0,Zymo,0,0,F10,0,SetA,F10,0,5.6776,540,100,15.9304,N712,GTAGAGGA,S508,CTAAGCCT,,NA,NA,878N,P_240507_Salan006_C16S_setA,1,GTAGAGGA-AGGCTTAG,146303,138065,8238,0,0.0011,0.9437,0.0563,0,PASS
HTL083,0,0,Other,0,0,G10,0,SetA,G10,0,3.7663,540,100,10.5676,N712,GTAGAGGA,S510,CGTCTAAT,,NA,NA,878N,P_240507_Salan006_C16S_setA,1,GTAGAGGA-ATTAGACG,182570,173808,8762,0,0.0013,0.952,0.048,0,PASS
HTF08T1,0,0,CTAB,0,0,H10,0,SetA,H10,0,3.0938,540,100,8.6807,N712,GTAGAGGA,S511,TCTCTCCG,,NA,NA,878N,P_240507_Salan006_C16S_setA,1,GTAGAGGA-CGGAGAGA,129225,121390,7835,0,0.0009,0.9394,0.0606,0,PASS
HTL023,0,0,Zymo,0,0,A11,0,SetA,A11,0,4.9112,540,100,13.7799,N714,GCTCATGA,S502,CTCTCTAT,,NA,NA,878N,P_240507_Salan006_C16S_setA,1,GCTCATGA-ATAGAGAG,244319,224737,19582,0,0.0018,0.9199,0.0801,0,PASS
HTL005,0,0,Zymo,0,0,B11,0,SetA,B11,0,4.6588,540,100,13.0718,N714,GCTCATGA,S503,TATCCTCT,,NA,NA,878N,P_240507_Salan006_C16S_setA,1,GCTCATGA-AGAGGATA,230415,213313,17102,0,0.0017,0.9258,0.0742,0,PASS
HTL028,0,0,CTAB,0,0,C11,0,SetA,C11,0,5.1851,540,100,14.5485,N714,GCTCATGA,S505,GTAAGGAG,,NA,NA,878N,P_240507_Salan006_C16S_setA,1,GCTCATGA-CTCCTTAC,216559,201919,14640,0,0.0016,0.9324,0.0676,0,PASS
HTF09T0,0,0,Zymo,0,0,D11,0,SetA,D11,0,4.7436,540,100,13.3098,N714,GCTCATGA,S506,ACTGCATA,,NA,NA,878N,P_240507_Salan006_C16S_setA,1,GCTCATGA-TATGCAGT,216524,195562,20962,0,0.0016,0.9032,0.0968,0,PASS
HTF22T1,0,0,Zymo,0,0,E11,0,SetA,E11,0,4.423,540,100,12.4101,N714,GCTCATGA,S507,AAGGAGTA,,NA,NA,878N,P_240507_Salan006_C16S_setA,1,GCTCATGA-TACTCCTT,214929,199482,15447,0,0.0016,0.9281,0.0719,0,PASS
HTF17T0,0,0,CTAB,0,0,F11,0,SetA,F11,0,4.6612,540,100,13.0787,N714,GCTCATGA,S508,CTAAGCCT,,NA,NA,878N,P_240507_Salan006_C16S_setA,1,GCTCATGA-AGGCTTAG,207872,191867,16005,0,0.0015,0.923,0.077,0,PASS
HTF03T0,0,0,Zymo,0,0,G11,0,SetA,G11,0,4.2331,540,100,11.8774,N714,GCTCATGA,S510,CGTCTAAT,,NA,NA,878N,P_240507_Salan006_C16S_setA,1,GCTCATGA-ATTAGACG,205829,190278,15551,0,0.0015,0.9244,0.0756,0,PASS
HTF29T1,0,0,CTAB,0,0,H11,0,SetA,H11,0,3.2534,540,100,9.1286,N714,GCTCATGA,S511,TCTCTCCG,,NA,NA,878N,P_240507_Salan006_C16S_setA,1,GCTCATGA-CGGAGAGA,170755,155823,14932,0,0.0013,0.9126,0.0874,0,PASS
HTL014,0,0,Zymo,0,0,A12,0,SetA,A12,0,0.7251,540,100,2.0346,N715,ATCTCAGG,S502,CTCTCTAT,,NA,NA,878N,P_240507_Salan006_C16S_setA,1,ATCTCAGG-ATAGAGAG,351636,331696,19940,0,0.0026,0.9433,0.0567,0,PASS
HTL080,0,0,CTAB,0,0,B12,0,SetA,B12,0,2.4646,540,100,6.9154,N715,ATCTCAGG,S503,TATCCTCT,,NA,NA,878N,P_240507_Salan006_C16S_setA,1,ATCTCAGG-AGAGGATA,140753,133402,7351,0,0.001,0.9478,0.0522,0,PASS
standard_setA_240612,0,0,CTAB,0,0,C12,0,SetA,C12,0,2.8829,540,100,8.0889,N715,ATCTCAGG,S505,GTAAGGAG,,NA,NA,878N,P_240507_Salan006_C16S_setA,1,ATCTCAGG-CTCCTTAC,147400,139951,7449,0,0.0011,0.9495,0.0505,0,PASS
NTC_setA_240612,0,0,CTAB,0,0,D12,0,SetA,D12,0,2.0909,540,100,5.8667,N715,ATCTCAGG,S506,ACTGCATA,,NA,NA,878N,P_240507_Salan006_C16S_setA,1,ATCTCAGG-TATGCAGT,325248,297615,27633,0,0.0024,0.915,0.085,0,PASS
stdw_setA_240612,0,0,CTAB,0,0,E12,0,SetA,E12,0,1.4265,540,100,4.0025,N715,ATCTCAGG,S507,AAGGAGTA,,NA,NA,878N,P_240507_Salan006_C16S_setA,1,ATCTCAGG-TACTCCTT,354085,337306,16779,0,0.0026,0.9526,0.0474,0,PASS
eb_setA_240612,0,0,Zymo,0,0,F12,0,SetA,F12,0,4.3277,540,100,12.143,N715,ATCTCAGG,S508,CTAAGCCT,,NA,NA,878N,P_240507_Salan006_C16S_setA,1,ATCTCAGG-AGGCTTAG,317094,299704,17390,0,0.0023,0.9452,0.0548,0,PASS
pos_setA_240612,0,0,Zymo,0,0,G12,0,SetA,G12,0,2.9449,540,100,8.263,N715,ATCTCAGG,S510,CGTCTAAT,,NA,NA,878N,P_240507_Salan006_C16S_setA,1,ATCTCAGG-ATTAGACG,222115,212009,10106,0,0.0016,0.9545,0.0455,0,PASS
neg_setA_240612,0,0,Zymo,0,0,H12,0,SetA,H12,0,3.6388,540,100,10.2099,N715,ATCTCAGG,S511,TCTCTCCG,,NA,NA,878N,P_240507_Salan006_C16S_setA,1,ATCTCAGG-CGGAGAGA,259128,243606,15522,0,0.0019,0.9401,0.0599,0,PASS
FCRRRER15T1,0,0,Zymo,0,0,A1,0,SetB,A1,0,5.5628,540,100,15.6083,N716,ACTCGCTA,S502,CTCTCTAT,,NA,NA,878N,P_240507_Salan005_C16S_setB,1,ACTCGCTA-ATAGAGAG,282451,269086,13365,0,0.0021,0.9527,0.0473,0,PASS
FCRRRER11T1,0,0,Zymo,0,0,B1,0,SetB,B1,0,6.5025,540,100,18.2449,N716,ACTCGCTA,S503,TATCCTCT,,NA,NA,878N,P_240507_Salan005_C16S_setB,1,ACTCGCTA-AGAGGATA,252602,241389,11213,0,0.0019,0.9556,0.0444,0,PASS
FCRRRER14T0,0,0,CTAB,0,0,C1,0,SetB,C1,0,6.4414,540,100,18.0735,N716,ACTCGCTA,S505,GTAAGGAG,,NA,NA,878N,P_240507_Salan005_C16S_setB,1,ACTCGCTA-CTCCTTAC,210682,201728,8954,0,0.0015,0.9575,0.0425,0,PASS
FCRRRER08T1,0,0,CTAB,0,0,D1,0,SetB,D1,0,6.1824,540,100,17.3468,N716,ACTCGCTA,S506,ACTGCATA,,NA,NA,878N,P_240507_Salan005_C16S_setB,1,ACTCGCTA-TATGCAGT,213683,197015,16668,0,0.0016,0.922,0.078,0,PASS
FCRRRER17T0,0,0,Zymo,0,0,E1,0,SetB,E1,0,5.9215,540,100,16.6149,N716,ACTCGCTA,S507,AAGGAGTA,,NA,NA,878N,P_240507_Salan005_C16S_setB,1,ACTCGCTA-TACTCCTT,232526,223129,9397,0,0.0017,0.9596,0.0404,0,PASS
FCRRRER18T1,0,0,Zymo,0,0,F1,0,SetB,F1,0,6.0743,540,100,17.0436,N716,ACTCGCTA,S508,CTAAGCCT,,NA,NA,878N,P_240507_Salan005_C16S_setB,1,ACTCGCTA-AGGCTTAG,221367,210774,10593,0,0.0016,0.9521,0.0479,0,PASS
FCRRRER10T0,0,0,CTAB,0,0,G1,0,SetB,G1,0,5.805,540,100,16.288,N716,ACTCGCTA,S510,CGTCTAAT,,NA,NA,878N,P_240507_Salan005_C16S_setB,1,ACTCGCTA-ATTAGACG,226751,217055,9696,0,0.0017,0.9572,0.0428,0,PASS
FCRRRER25T0,0,0,Zymo,0,0,H1,0,SetB,H1,0,4.1545,540,100,11.6567,N716,ACTCGCTA,S511,TCTCTCCG,,NA,NA,878N,P_240507_Salan005_C16S_setB,1,ACTCGCTA-CGGAGAGA,220245,206305,13940,0,0.0016,0.9367,0.0633,0,PASS
FCRRRER06T1,0,0,Zymo,0,0,A2,0,SetB,A2,0,5.7157,540,100,16.0375,N718,GGAGCTAC,S502,CTCTCTAT,,NA,NA,878N,P_240507_Salan005_C16S_setB,1,GGAGCTAC-ATAGAGAG,215919,203840,12079,0,0.0016,0.9441,0.0559,0,PASS
FCRRRER16T0,0,0,Zymo,0,0,B2,0,SetB,B2,0,5.4563,540,100,15.3095,N718,GGAGCTAC,S503,TATCCTCT,,NA,NA,878N,P_240507_Salan005_C16S_setB,1,GGAGCTAC-AGAGGATA,196044,185311,10733,0,0.0014,0.9453,0.0547,0,PASS
FCRRRER03T0,0,0,CTAB,0,0,C2,0,SetB,C2,0,6.2051,540,100,17.4106,N718,GGAGCTAC,S505,GTAAGGAG,,NA,NA,878N,P_240507_Salan005_C16S_setB,1,GGAGCTAC-CTCCTTAC,191217,181273,9944,0,0.0014,0.948,0.052,0,PASS
FCRRRER12T1,0,0,CTAB,0,0,D2,0,SetB,D2,0,5.6757,540,100,15.9251,N718,GGAGCTAC,S506,ACTGCATA,,NA,NA,878N,P_240507_Salan005_C16S_setB,1,GGAGCTAC-TATGCAGT,181740,166313,15427,0,0.0013,0.9151,0.0849,0,PASS
FCRRRER18T0,0,0,Zymo,0,0,E2,0,SetB,E2,0,5.1726,540,100,14.5136,N718,GGAGCTAC,S507,AAGGAGTA,,NA,NA,878N,P_240507_Salan005_C16S_setB,1,GGAGCTAC-TACTCCTT,181317,172102,9215,0,0.0013,0.9492,0.0508,0,PASS
FCRRRER14T1,0,0,Other,0,0,F2,0,SetB,F2,0,5.282,540,100,14.8203,N718,GGAGCTAC,S508,CTAAGCCT,,NA,NA,878N,P_240507_Salan005_C16S_setB,1,GGAGCTAC-AGGCTTAG,177551,167052,10499,0,0.0013,0.9409,0.0591,0,PASS
FCRRRER05T0,0,0,Other,0,0,G2,0,SetB,G2,0,5.2137,540,100,14.6286,N718,GGAGCTAC,S510,CGTCTAAT,,NA,NA,878N,P_240507_Salan005_C16S_setB,1,GGAGCTAC-ATTAGACG,163132,153877,9255,0,0.0012,0.9433,0.0567,0,PASS
FCRRRER27T0,0,0,CTAB,0,0,H2,0,SetB,H2,0,5.297,540,100,14.8625,N718,GGAGCTAC,S511,TCTCTCCG,,NA,NA,878N,P_240507_Salan005_C16S_setB,1,GGAGCTAC-CGGAGAGA,180215,169582,10633,0,0.0013,0.941,0.059,0,PASS
FCRRRER06T0,0,0,CTAB,0,0,A3,0,SetB,A3,0,6.5463,540,100,18.3677,N719,GCGTAGTA,S502,CTCTCTAT,,NA,NA,878N,P_240507_Salan005_C16S_setB,1,GCGTAGTA-ATAGAGAG,172967,159357,13610,0,0.0013,0.9213,0.0787,0,PASS
FCRRRER16T1,0,0,Zymo,0,0,B3,0,SetB,B3,0,4.497,540,100,12.618,N719,GCGTAGTA,S503,TATCCTCT,,NA,NA,878N,P_240507_Salan005_C16S_setB,1,GCGTAGTA-AGAGGATA,176283,164617,11666,0,0.0013,0.9338,0.0662,0,PASS
FCRRRER03T1,0,0,Zymo,0,0,C3,0,SetB,C3,0,5.7806,540,100,16.2194,N719,GCGTAGTA,S505,GTAAGGAG,,NA,NA,878N,P_240507_Salan005_C16S_setB,1,GCGTAGTA-CTCCTTAC,161297,149783,11514,0,0.0012,0.9286,0.0714,0,PASS
FCRRRER13T0,0,0,Zymo,0,0,D3,0,SetB,D3,0,5.4791,540,100,15.3735,N719,GCGTAGTA,S506,ACTGCATA,,NA,NA,878N,P_240507_Salan005_C16S_setB,1,GCGTAGTA-TATGCAGT,163825,148795,15030,0,0.0012,0.9083,0.0917,0,PASS
FCRRRER22T0,0,0,Zymo,0,0,E3,0,SetB,E3,0,6.2499,540,100,17.5361,N719,GCGTAGTA,S507,AAGGAGTA,,NA,NA,878N,P_240507_Salan005_C16S_setB,1,GCGTAGTA-TACTCCTT,162849,151816,11033,0,0.0012,0.9323,0.0677,0,PASS
FCRRRER15T0,0,0,CTAB,0,0,F3,0,SetB,F3,0,6.3715,540,100,17.8772,N719,GCGTAGTA,S508,CTAAGCCT,,NA,NA,878N,P_240507_Salan005_C16S_setB,1,GCGTAGTA-AGGCTTAG,173080,160848,12232,0,0.0013,0.9293,0.0707,0,PASS
FCRRRER26T1,0,0,Zymo,0,0,G3,0,SetB,G3,0,5.0193,540,100,14.0833,N719,GCGTAGTA,S510,CGTCTAAT,,NA,NA,878N,P_240507_Salan005_C16S_setB,1,GCGTAGTA-ATTAGACG,160068,148887,11181,0,0.0012,0.9301,0.0699,0,PASS
FCRRRER28T0,0,0,CTAB,0,0,H3,0,SetB,H3,0,5.9493,540,100,16.6929,N719,GCGTAGTA,S511,TCTCTCCG,,NA,NA,878N,P_240507_Salan005_C16S_setB,1,GCGTAGTA-CGGAGAGA,163119,149922,13197,0,0.0012,0.9191,0.0809,0,PASS
FCRRRER01T0,0,0,Zymo,0,0,A4,0,SetB,A4,0,5.1162,540,100,14.3554,N720,CGGAGCCT,S502,CTCTCTAT,,NA,NA,878N,P_240507_Salan005_C16S_setB,1,CGGAGCCT-ATAGAGAG,225206,213902,11304,0,0.0016,0.9498,0.0502,0,PASS
FCRRRER07T1,0,0,CTAB,0,0,B4,0,SetB,B4,0,5.939,540,100,16.6639,N720,CGGAGCCT,S503,TATCCTCT,,NA,NA,878N,P_240507_Salan005_C16S_setB,1,CGGAGCCT-AGAGGATA,224265,213763,10502,0,0.0016,0.9532,0.0468,0,PASS
FCRRRER08T0,0,0,Zymo,0,0,C4,0,SetB,C4,0,5.2985,540,100,14.8667,N720,CGGAGCCT,S505,GTAAGGAG,,NA,NA,878N,P_240507_Salan005_C16S_setB,1,CGGAGCCT-CTCCTTAC,223179,213507,9672,0,0.0016,0.9567,0.0433,0,PASS
FCRRRER09T0,0,0,Zymo,0,0,D4,0,SetB,D4,0,6.0157,540,100,16.8791,N720,CGGAGCCT,S506,ACTGCATA,,NA,NA,878N,P_240507_Salan005_C16S_setB,1,CGGAGCCT-TATGCAGT,211005,197058,13947,0,0.0015,0.9339,0.0661,0,PASS
FCRRRER09T1,0,0,CTAB,0,0,E4,0,SetB,E4,0,4.5393,540,100,12.7365,N720,CGGAGCCT,S507,AAGGAGTA,,NA,NA,878N,P_240507_Salan005_C16S_setB,1,CGGAGCCT-TACTCCTT,191782,183347,8435,0,0.0014,0.956,0.044,0,PASS
FCRRRER25T1,0,0,CTAB,0,0,F4,0,SetB,F4,0,5.3441,540,100,14.9947,N720,CGGAGCCT,S508,CTAAGCCT,,NA,NA,878N,P_240507_Salan005_C16S_setB,1,CGGAGCCT-AGGCTTAG,227593,216208,11385,0,0.0017,0.95,0.05,0,PASS
FCRRRER24T1,0,0,CTAB,0,0,G4,0,SetB,G4,0,5.0575,540,100,14.1905,N720,CGGAGCCT,S510,CGTCTAAT,,NA,NA,878N,P_240507_Salan005_C16S_setB,1,CGGAGCCT-ATTAGACG,193172,184323,8849,0,0.0014,0.9542,0.0458,0,PASS
FCRRRER28T1,0,0,CTAB,0,0,H4,0,SetB,H4,0,4.6988,540,100,13.1839,N720,CGGAGCCT,S511,TCTCTCCG,,NA,NA,878N,P_240507_Salan005_C16S_setB,1,CGGAGCCT-CGGAGAGA,181445,170793,10652,0,0.0013,0.9413,0.0587,0,PASS
FCRRRER01T1,0,0,Zymo,0,0,A5,0,SetB,A5,0,3.5385,540,100,9.9283,N721,TACGCTGC,S502,CTCTCTAT,,NA,NA,878N,P_240507_Salan005_C16S_setB,1,TACGCTGC-ATAGAGAG,232583,222113,10470,0,0.0017,0.955,0.045,0,PASS
FCRRRER21T0,0,0,CTAB,0,0,B5,0,SetB,B5,0,5.2707,540,100,14.7889,N721,TACGCTGC,S503,TATCCTCT,,NA,NA,878N,P_240507_Salan005_C16S_setB,1,TACGCTGC-AGAGGATA,186369,178730,7639,0,0.0014,0.959,0.041,0,PASS
FCRRRER04T1,0,0,Zymo,0,0,C5,0,SetB,C5,0,5.2675,540,100,14.7797,N721,TACGCTGC,S505,GTAAGGAG,,NA,NA,878N,P_240507_Salan005_C16S_setB,1,TACGCTGC-CTCCTTAC,179301,172265,7036,0,0.0013,0.9608,0.0392,0,PASS
FCRRRER19T1,0,0,CTAB,0,0,D5,0,SetB,D5,0,5.2158,540,100,14.6348,N721,TACGCTGC,S506,ACTGCATA,,NA,NA,878N,P_240507_Salan005_C16S_setB,1,TACGCTGC-TATGCAGT,174285,160145,14140,0,0.0013,0.9189,0.0811,0,PASS
FCRRRER26T0,0,0,Zymo,0,0,E5,0,SetB,E5,0,4.9927,540,100,14.0087,N721,TACGCTGC,S507,AAGGAGTA,,NA,NA,878N,P_240507_Salan005_C16S_setB,1,TACGCTGC-TACTCCTT,179701,172767,6934,0,0.0013,0.9614,0.0386,0,PASS
FCRRRER23T1,0,0,CTAB,0,0,F5,0,SetB,F5,0,5.8289,540,100,16.3551,N721,TACGCTGC,S508,CTAAGCCT,,NA,NA,878N,P_240507_Salan005_C16S_setB,1,TACGCTGC-AGGCTTAG,176289,168767,7522,0,0.0013,0.9573,0.0427,0,PASS
FCRRRER24T0,0,0,CTAB,0,0,G5,0,SetB,G5,0,3.4318,540,100,9.6289,N721,TACGCTGC,S510,CGTCTAAT,,NA,NA,878N,P_240507_Salan005_C16S_setB,1,TACGCTGC-ATTAGACG,166111,159175,6936,0,0.0012,0.9582,0.0418,0,PASS
FCRRRER32T0,0,0,CTAB,0,0,H5,0,SetB,H5,0,5.0115,540,100,14.0616,N721,TACGCTGC,S511,TCTCTCCG,,NA,NA,878N,P_240507_Salan005_C16S_setB,1,TACGCTGC-CGGAGAGA,168621,159838,8783,0,0.0012,0.9479,0.0521,0,PASS
FCRRRER02T0,0,0,Zymo,0,0,A6,0,SetB,A6,0,4.5272,540,100,12.7026,N722,ATGCGCAG,S502,CTCTCTAT,,NA,NA,878N,P_240507_Salan005_C16S_setB,1,ATGCGCAG-ATAGAGAG,170862,160011,10851,0,0.0013,0.9365,0.0635,0,PASS
FCRRRER04T0,0,0,Other,0,0,B6,0,SetB,B6,0,4.5786,540,100,12.8469,N722,ATGCGCAG,S503,TATCCTCT,,NA,NA,878N,P_240507_Salan005_C16S_setB,1,ATGCGCAG-AGAGGATA,172124,163061,9063,0,0.0013,0.9473,0.0527,0,PASS
FCRRRER19T0,0,0,CTAB,0,0,C6,0,SetB,C6,0,5.6113,540,100,15.7444,N722,ATGCGCAG,S505,GTAAGGAG,,NA,NA,878N,P_240507_Salan005_C16S_setB,1,ATGCGCAG-CTCCTTAC,153118,145514,7604,0,0.0011,0.9503,0.0497,0,PASS
FCRRRER21T1,0,0,Other,0,0,D6,0,SetB,D6,0,4.3605,540,100,12.2347,N722,ATGCGCAG,S506,ACTGCATA,,NA,NA,878N,P_240507_Salan005_C16S_setB,1,ATGCGCAG-TATGCAGT,154063,142813,11250,0,0.0011,0.927,0.073,0,PASS
FCRRRER23T0,0,0,CTAB,0,0,E6,0,SetB,E6,0,5.2344,540,100,14.6867,N722,ATGCGCAG,S507,AAGGAGTA,,NA,NA,878N,P_240507_Salan005_C16S_setB,1,ATGCGCAG-TACTCCTT,160241,152737,7504,0,0.0012,0.9532,0.0468,0,PASS
FCRRRER29T0,0,0,Zymo,0,0,F6,0,SetB,F6,0,6.3094,540,100,17.703,N722,ATGCGCAG,S508,CTAAGCCT,,NA,NA,878N,P_240507_Salan005_C16S_setB,1,ATGCGCAG-AGGCTTAG,158150,149419,8731,0,0.0012,0.9448,0.0552,0,PASS
FCRRRER29T1,0,0,Zymo,0,0,G6,0,SetB,G6,0,3.4287,540,100,9.6204,N722,ATGCGCAG,S510,CGTCTAAT,,NA,NA,878N,P_240507_Salan005_C16S_setB,1,ATGCGCAG-ATTAGACG,143816,136666,7150,0,0.0011,0.9503,0.0497,0,PASS
FCRRRER33T1,0,0,Zymo,0,0,H6,0,SetB,H6,0,4.5922,540,100,12.8851,N722,ATGCGCAG,S511,TCTCTCCG,,NA,NA,878N,P_240507_Salan005_C16S_setB,1,ATGCGCAG-CGGAGAGA,146825,135795,11030,0,0.0011,0.9249,0.0751,0,PASS
FCRRRER07T0,0,0,Zymo,0,0,A7,0,SetB,A7,0,3.9314,540,100,11.0309,N723,TAGCGCTC,S502,CTCTCTAT,,NA,NA,878N,P_240507_Salan005_C16S_setB,1,TAGCGCTC-ATAGAGAG,258102,242814,15288,0,0.0019,0.9408,0.0592,0,PASS
FCRRRER05T1,0,0,CTAB,0,0,B7,0,SetB,B7,0,4.272,540,100,11.9865,N723,TAGCGCTC,S503,TATCCTCT,,NA,NA,878N,P_240507_Salan005_C16S_setB,1,TAGCGCTC-AGAGGATA,231748,218546,13202,0,0.0017,0.943,0.057,0,PASS
FCRRRER20T1,0,0,CTAB,0,0,C7,0,SetB,C7,0,4.5291,540,100,12.7079,N723,TAGCGCTC,S505,GTAAGGAG,,NA,NA,878N,P_240507_Salan005_C16S_setB,1,TAGCGCTC-CTCCTTAC,187686,178956,8730,0,0.0014,0.9535,0.0465,0,PASS
FCRRRER27T1,0,0,Zymo,0,0,D7,0,SetB,D7,0,4.6738,540,100,13.1138,N723,TAGCGCTC,S506,ACTGCATA,,NA,NA,878N,P_240507_Salan005_C16S_setB,1,TAGCGCTC-TATGCAGT,232211,212537,19674,0,0.0017,0.9153,0.0847,0,PASS
FCRRRER31T1,0,0,Zymo,0,0,E7,0,SetB,E7,0,3.9342,540,100,11.0387,N723,TAGCGCTC,S507,AAGGAGTA,,NA,NA,878N,P_240507_Salan005_C16S_setB,1,TAGCGCTC-TACTCCTT,197196,188008,9188,0,0.0014,0.9534,0.0466,0,PASS
FCRRRER32T1,0,0,CTAB,0,0,F7,0,SetB,F7,0,5.98,540,100,16.7788,N723,TAGCGCTC,S508,CTAAGCCT,,NA,NA,878N,P_240507_Salan005_C16S_setB,1,TAGCGCTC-AGGCTTAG,201252,191470,9782,0,0.0015,0.9514,0.0486,0,PASS
FCRRRER36T0,0,0,Zymo,0,0,G7,0,SetB,G7,0,4.7384,540,100,13.2952,N723,TAGCGCTC,S510,CGTCTAAT,,NA,NA,878N,P_240507_Salan005_C16S_setB,1,TAGCGCTC-ATTAGACG,232740,219528,13212,0,0.0017,0.9432,0.0568,0,PASS
FCRRRER34T1,0,0,Zymo,0,0,H7,0,SetB,H7,0,5.279,540,100,14.812,N723,TAGCGCTC,S511,TCTCTCCG,,NA,NA,878N,P_240507_Salan005_C16S_setB,1,TAGCGCTC-CGGAGAGA,197907,185482,12425,0,0.0014,0.9372,0.0628,0,PASS
FCRRRER11T0,0,0,CTAB,0,0,A8,0,SetB,A8,0,4.8713,540,100,13.6682,N724,ACTGAGCG,S502,CTCTCTAT,,NA,NA,878N,P_240507_Salan005_C16S_setB,1,ACTGAGCG-ATAGAGAG,188292,179519,8773,0,0.0014,0.9534,0.0466,0,PASS
FCRRRER20T0,0,0,Zymo,0,0,B8,0,SetB,B8,0,1.7265,540,100,4.8443,N724,ACTGAGCG,S503,TATCCTCT,,NA,NA,878N,P_240507_Salan005_C16S_setB,1,ACTGAGCG-AGAGGATA,205370,196380,8990,0,0.0015,0.9562,0.0438,0,PASS
FCRRRER34T0,0,0,Zymo,0,0,C8,0,SetB,C8,0,1.9823,540,100,5.562,N724,ACTGAGCG,S505,GTAAGGAG,,NA,NA,878N,P_240507_Salan005_C16S_setB,1,ACTGAGCG-CTCCTTAC,179878,172445,7433,0,0.0013,0.9587,0.0413,0,PASS
FCRRRER33T0,0,0,CTAB,0,0,D8,0,SetB,D8,0,3.2291,540,100,9.0603,N724,ACTGAGCG,S506,ACTGCATA,,NA,NA,878N,P_240507_Salan005_C16S_setB,1,ACTGAGCG-TATGCAGT,189139,176618,12521,0,0.0014,0.9338,0.0662,0,PASS
FCRRRER30T1,0,0,Zymo,0,0,E8,0,SetB,E8,0,3.8274,540,100,10.7391,N724,ACTGAGCG,S507,AAGGAGTA,,NA,NA,878N,P_240507_Salan005_C16S_setB,1,ACTGAGCG-TACTCCTT,161160,154559,6601,0,0.0012,0.959,0.041,0,PASS
FCRRRER35T1,0,0,Zymo,0,0,F8,0,SetB,F8,0,3.8896,540,100,10.9136,N724,ACTGAGCG,S508,CTAAGCCT,,NA,NA,878N,P_240507_Salan005_C16S_setB,1,ACTGAGCG-AGGCTTAG,180795,172060,8735,0,0.0013,0.9517,0.0483,0,PASS
FCRRRER37T0,0,0,Zymo,0,0,G8,0,SetB,G8,0,3.5753,540,100,10.0317,N724,ACTGAGCG,S510,CGTCTAAT,,NA,NA,878N,P_240507_Salan005_C16S_setB,1,ACTGAGCG-ATTAGACG,187604,179730,7874,0,0.0014,0.958,0.042,0,PASS
FCRRRER38T0,0,0,Zymo,0,0,H8,0,SetB,H8,0,0.7563,540,100,2.1222,N724,ACTGAGCG,S511,TCTCTCCG,,NA,NA,878N,P_240507_Salan005_C16S_setB,1,ACTGAGCG-CGGAGAGA,215419,203117,12302,0,0.0016,0.9429,0.0571,0,PASS
FCRRRER12T0,0,0,Other,0,0,A9,0,SetB,A9,0,4.6742,540,100,13.1149,N726,CCTAAGAC,S502,CTCTCTAT,,NA,NA,878N,P_240507_Salan005_C16S_setB,1,CCTAAGAC-ATAGAGAG,267366,252349,15017,0,0.002,0.9438,0.0562,0,PASS
FCRRRER22T1,0,0,CTAB,0,0,B9,0,SetB,B9,0,5.6293,540,100,15.7949,N726,CCTAAGAC,S503,TATCCTCT,,NA,NA,878N,P_240507_Salan005_C16S_setB,1,CCTAAGAC-AGAGGATA,249356,237124,12232,0,0.0018,0.9509,0.0491,0,PASS
FCRRRER31T0,0,0,CTAB,0,0,C9,0,SetB,C9,0,4.8883,540,100,13.7156,N726,CCTAAGAC,S505,GTAAGGAG,,NA,NA,878N,P_240507_Salan005_C16S_setB,1,CCTAAGAC-CTCCTTAC,221139,210467,10672,0,0.0016,0.9517,0.0483,0,PASS
FCRRRER30T0,0,0,Zymo,0,0,D9,0,SetB,D9,0,5.2516,540,100,14.7351,N726,CCTAAGAC,S506,ACTGCATA,,NA,NA,878N,P_240507_Salan005_C16S_setB,1,CCTAAGAC-TATGCAGT,183492,163568,19924,0,0.0013,0.8914,0.1086,0,PASS
FCRRRER35T0,0,0,Zymo,0,0,E9,0,SetB,E9,0,4.1267,540,100,11.5788,N726,CCTAAGAC,S507,AAGGAGTA,,NA,NA,878N,P_240507_Salan005_C16S_setB,1,CCTAAGAC-TACTCCTT,185996,177900,8096,0,0.0014,0.9565,0.0435,0,PASS
FCRRRER36T1,0,0,Zymo,0,0,F9,0,SetB,F9,0,5.5624,540,100,15.6072,N726,CCTAAGAC,S508,CTAAGCCT,,NA,NA,878N,P_240507_Salan005_C16S_setB,1,CCTAAGAC-AGGCTTAG,207634,195816,11818,0,0.0015,0.9431,0.0569,0,PASS
FCRRRER37T1,0,0,CTAB,0,0,G9,0,SetB,G9,0,3.1845,540,100,8.9352,N726,CCTAAGAC,S510,CGTCTAAT,,NA,NA,878N,P_240507_Salan005_C16S_setB,1,CCTAAGAC-ATTAGACG,177039,168570,8469,0,0.0013,0.9522,0.0478,0,PASS
FCRRRER38T1,0,0,CTAB,0,0,H9,0,SetB,H9,0,4.3428,540,100,12.1852,N726,CCTAAGAC,S511,TCTCTCCG,,NA,NA,878N,P_240507_Salan005_C16S_setB,1,CCTAAGAC-CGGAGAGA,196358,181220,15138,0,0.0014,0.9229,0.0771,0,PASS
FCRRRER39T1,0,0,Other,0,0,A10,0,SetB,A10,0,4.2946,540,100,12.0501,N727,CGATCAGT,S502,CTCTCTAT,,NA,NA,878N,P_240507_Salan005_C16S_setB,1,CGATCAGT-ATAGAGAG,244770,232885,11885,0,0.0018,0.9514,0.0486,0,PASS
FCRRRER42T0,0,0,Zymo,0,0,B10,0,SetB,B10,0,3.9474,540,100,11.0758,N727,CGATCAGT,S503,TATCCTCT,,NA,NA,878N,P_240507_Salan005_C16S_setB,1,CGATCAGT-AGAGGATA,236109,225348,10761,0,0.0017,0.9544,0.0456,0,PASS
FCRRRER42T1,0,0,CTAB,0,0,C10,0,SetB,C10,0,4.5745,540,100,12.8353,N727,CGATCAGT,S505,GTAAGGAG,,NA,NA,878N,P_240507_Salan005_C16S_setB,1,CGATCAGT-CTCCTTAC,231053,221045,10008,0,0.0017,0.9567,0.0433,0,PASS
FCRRRER41T0,0,0,Zymo,0,0,D10,0,SetB,D10,0,5.2296,540,100,14.6734,N727,CGATCAGT,S506,ACTGCATA,,NA,NA,878N,P_240507_Salan005_C16S_setB,1,CGATCAGT-TATGCAGT,218962,203654,15308,0,0.0016,0.9301,0.0699,0,PASS
FCRRRER41T1,0,0,CTAB,0,0,E10,0,SetB,E10,0,4.4272,540,100,12.4219,N727,CGATCAGT,S507,AAGGAGTA,,NA,NA,878N,P_240507_Salan005_C16S_setB,1,CGATCAGT-TACTCCTT,186902,178743,8159,0,0.0014,0.9563,0.0437,0,PASS
FCRRRER40T0,0,0,Zymo,0,0,F10,0,SetB,F10,0,4.7397,540,100,13.299,N727,CGATCAGT,S508,CTAAGCCT,,NA,NA,878N,P_240507_Salan005_C16S_setB,1,CGATCAGT-AGGCTTAG,176210,167333,8877,0,0.0013,0.9496,0.0504,0,PASS
FCRRRER40T1,0,0,Zymo,0,0,G10,0,SetB,G10,0,4.3992,540,100,12.3433,N727,CGATCAGT,S510,CGTCTAAT,,NA,NA,878N,P_240507_Salan005_C16S_setB,1,CGATCAGT-ATTAGACG,203662,194589,9073,0,0.0015,0.9555,0.0445,0,PASS
FCRRRER39T0,0,0,Other,0,0,H10,0,SetB,H10,0,3.7172,540,100,10.4299,N727,CGATCAGT,S511,TCTCTCCG,,NA,NA,878N,P_240507_Salan005_C16S_setB,1,CGATCAGT-CGGAGAGA,178416,167789,10627,0,0.0013,0.9404,0.0596,0,PASS
FCRRRER45T0,0,0,CTAB,0,0,A11,0,SetB,A11,0,5.4615,540,100,15.3242,N728,TGCAGCTA,S502,CTCTCTAT,,NA,NA,878N,P_240507_Salan005_C16S_setB,1,TGCAGCTA-ATAGAGAG,280369,267708,12661,0,0.0021,0.9548,0.0452,0,PASS
FCRRRER49T1,0,0,Zymo,0,0,B11,0,SetB,B11,0,3.8788,540,100,10.8831,N728,TGCAGCTA,S503,TATCCTCT,,NA,NA,878N,P_240507_Salan005_C16S_setB,1,TGCAGCTA-AGAGGATA,278483,266813,11670,0,0.002,0.9581,0.0419,0,PASS
FCRRRER46T0,0,0,Other,0,0,C11,0,SetB,C11,0,5.1336,540,100,14.404,N728,TGCAGCTA,S505,GTAAGGAG,,NA,NA,878N,P_240507_Salan005_C16S_setB,1,TGCAGCTA-CTCCTTAC,246947,236835,10112,0,0.0018,0.9591,0.0409,0,PASS
FCRRRER50T0,0,0,Zymo,0,0,D11,0,SetB,D11,0,5.1137,540,100,14.3482,N728,TGCAGCTA,S506,ACTGCATA,,NA,NA,878N,P_240507_Salan005_C16S_setB,1,TGCAGCTA-TATGCAGT,237458,224513,12945,0,0.0017,0.9455,0.0545,0,PASS
FCRRRER50T1,0,0,Zymo,0,0,E11,0,SetB,E11,0,3.1224,540,100,8.7609,N728,TGCAGCTA,S507,AAGGAGTA,,NA,NA,878N,P_240507_Salan005_C16S_setB,1,TGCAGCTA-TACTCCTT,222996,214063,8933,0,0.0016,0.9599,0.0401,0,PASS
FCRRRER46T1,0,0,CTAB,0,0,F11,0,SetB,F11,0,5.2037,540,100,14.6007,N728,TGCAGCTA,S508,CTAAGCCT,,NA,NA,878N,P_240507_Salan005_C16S_setB,1,TGCAGCTA-AGGCTTAG,238300,227853,10447,0,0.0017,0.9562,0.0438,0,PASS
FCRRRER51T0,0,0,Zymo,0,0,G11,0,SetB,G11,0,3.0431,540,100,8.5383,N728,TGCAGCTA,S510,CGTCTAAT,,NA,NA,878N,P_240507_Salan005_C16S_setB,1,TGCAGCTA-ATTAGACG,258618,248150,10468,0,0.0019,0.9595,0.0405,0,PASS
FCRRRER51T1,0,0,CTAB,0,0,H11,0,SetB,H11,0,3.4007,540,100,9.5417,N728,TGCAGCTA,S511,TCTCTCCG,,NA,NA,878N,P_240507_Salan005_C16S_setB,1,TGCAGCTA-CGGAGAGA,234098,221674,12424,0,0.0017,0.9469,0.0531,0,PASS
TPIK39T0,0,0,Zymo,0,0,A12,0,SetB,A12,0,3.8562,540,100,10.8199,N729,TCGACGTC,S502,CTCTCTAT,,NA,NA,878N,P_240507_Salan005_C16S_setB,1,TCGACGTC-ATAGAGAG,208455,194406,14049,0,0.0015,0.9326,0.0674,0,PASS
FCRRRER45T1,0,0,Zymo,0,0,B12,0,SetB,B12,0,5.3853,540,100,15.1104,N729,TCGACGTC,S503,TATCCTCT,,NA,NA,878N,P_240507_Salan005_C16S_setB,1,TCGACGTC-AGAGGATA,230506,216462,14044,0,0.0017,0.9391,0.0609,0,PASS
standard_setB_240612,0,0,Zymo,0,0,C12,0,SetB,C12,0,5.4844,540,100,15.3882,N729,TCGACGTC,S505,GTAAGGAG,,NA,NA,878N,P_240507_Salan005_C16S_setB,1,TCGACGTC-CTCCTTAC,206195,195216,10979,0,0.0015,0.9468,0.0532,0,PASS
NTC_setB_240612,0,0,Zymo,0,0,D12,0,SetB,D12,0,4.354,540,100,12.2168,N729,TCGACGTC,S506,ACTGCATA,,NA,NA,878N,P_240507_Salan005_C16S_setB,1,TCGACGTC-TATGCAGT,308352,260970,47382,0,0.0023,0.8463,0.1537,0,PASS
stdw_setB_240612,0,0,Other,0,0,E12,0,SetB,E12,0,1.3984,540,100,3.9237,N729,TCGACGTC,S507,AAGGAGTA,,NA,NA,878N,P_240507_Salan005_C16S_setB,1,TCGACGTC-TACTCCTT,351872,335933,15939,0,0.0026,0.9547,0.0453,0,PASS
eb_setB_240612,0,0,CTAB,0,0,F12,0,SetB,F12,0,3.207,540,100,8.9983,N729,TCGACGTC,S508,CTAAGCCT,,NA,NA,878N,P_240507_Salan005_C16S_setB,1,TCGACGTC-AGGCTTAG,298911,277441,21470,0,0.0022,0.9282,0.0718,0,PASS
pos_setB_240612,0,0,CTAB,0,0,G12,0,SetB,G12,0,2.4893,540,100,6.9847,N729,TCGACGTC,S510,CGTCTAAT,,NA,NA,878N,P_240507_Salan005_C16S_setB,1,TCGACGTC-ATTAGACG,222005,211080,10925,0,0.0016,0.9508,0.0492,0,PASS
neg_setB_240612,0,0,Zymo,0,0,H12,0,SetB,H12,0,2.3713,540,100,6.6535,N729,TCGACGTC,S511,TCTCTCCG,,NA,NA,878N,P_240507_Salan005_C16S_setB,1,TCGACGTC-CGGAGAGA,205803,187236,18567,0,0.0015,0.9098,0.0902,0,PASS
HTF06T1,0,0,Zymo,0,0,A1,0,SetC,A1,0,4.1912,540,100,11.7598,N701,TAAGGCGA,S513,TCGACTAG,,NA,NA,878N,P_240507_Salan006_C16S_setC,1,TAAGGCGA-CTAGTCGA,149947,142389,7558,0,0.0011,0.9496,0.0504,0,PASS
HTF01T1,0,0,CTAB,0,0,B1,0,SetC,B1,0,4.4654,540,100,12.5293,N701,TAAGGCGA,S515,TTCTAGCT,,NA,NA,878N,P_240507_Salan006_C16S_setC,1,TAAGGCGA-AGCTAGAA,149426,142915,6511,0,0.0011,0.9564,0.0436,0,PASS
HTF26T0,0,0,Zymo,0,0,C1,0,SetC,C1,0,4.5263,540,100,12.6999,N701,TAAGGCGA,S516,CCTAGAGT,,NA,NA,878N,P_240507_Salan006_C16S_setC,1,TAAGGCGA-ACTCTAGG,129989,124801,5188,0,0.001,0.9601,0.0399,0,PASS
HTL077,0,0,CTAB,0,0,D1,0,SetC,D1,0,2.91,540,100,8.165,N701,TAAGGCGA,S517,GCGTAAGA,,NA,NA,878N,P_240507_Salan006_C16S_setC,1,TAAGGCGA-TCTTACGC,182112,175160,6952,0,0.0013,0.9618,0.0382,0,PASS
HTF20T0,0,0,CTAB,0,0,E1,0,SetC,E1,0,4.2403,540,100,11.8976,N701,TAAGGCGA,S518,CTATTAAG,,NA,NA,878N,P_240507_Salan006_C16S_setC,1,TAAGGCGA-CTTAATAG,169872,159582,10290,0,0.0012,0.9394,0.0606,0,PASS
HTL089,0,0,Zymo,0,0,F1,0,SetC,F1,0,1.6189,540,100,4.5424,N701,TAAGGCGA,S520,AAGGCTAT,,NA,NA,878N,P_240507_Salan006_C16S_setC,1,TAAGGCGA-ATAGCCTT,245994,236127,9867,0,0.0018,0.9599,0.0401,0,PASS
HTL091,0,0,Zymo,0,0,G1,0,SetC,G1,0,3.9917,540,100,11.2001,N701,TAAGGCGA,S521,GAGCCTTA,,NA,NA,878N,P_240507_Salan006_C16S_setC,1,TAAGGCGA-TAAGGCTC,123827,119121,4706,0,0.0009,0.962,0.038,0,PASS
HTLCO04,0,0,Zymo,0,0,H1,0,SetC,H1,0,2.4313,540,100,6.8217,N701,TAAGGCGA,S522,TTATGCGA,,NA,NA,878N,P_240507_Salan006_C16S_setC,1,TAAGGCGA-TCGCATAA,248227,239281,8946,0,0.0018,0.964,0.036,0,PASS
HTF11T0,0,0,Zymo,0,0,A2,0,SetC,A2,0,4.3366,540,100,12.1678,N702,CGTACTAG,S513,TCGACTAG,,NA,NA,878N,P_240507_Salan006_C16S_setC,1,CGTACTAG-CTAGTCGA,133362,126302,7060,0,0.001,0.9471,0.0529,0,PASS
HTF01T0,0,0,Zymo,0,0,B2,0,SetC,B2,0,4.6762,540,100,13.1208,N702,CGTACTAG,S515,TTCTAGCT,,NA,NA,878N,P_240507_Salan006_C16S_setC,1,CGTACTAG-AGCTAGAA,109246,103263,5983,0,0.0008,0.9452,0.0548,0,PASS
HTF06T0,0,0,Zymo,0,0,C2,0,SetC,C2,0,4.438,540,100,12.4523,N702,CGTACTAG,S516,CCTAGAGT,,NA,NA,878N,P_240507_Salan006_C16S_setC,1,CGTACTAG-ACTCTAGG,108378,102800,5578,0,0.0008,0.9485,0.0515,0,PASS
HTL087,0,0,CTAB,0,0,D2,0,SetC,D2,0,4.9769,540,100,13.9642,N702,CGTACTAG,S517,GCGTAAGA,,NA,NA,878N,P_240507_Salan006_C16S_setC,1,CGTACTAG-TCTTACGC,92483,87747,4736,0,0.0007,0.9488,0.0512,0,PASS
HTL079,0,0,CTAB,0,0,E2,0,SetC,E2,0,4.2236,540,100,11.8509,N702,CGTACTAG,S518,CTATTAAG,,NA,NA,878N,P_240507_Salan006_C16S_setC,1,CGTACTAG-CTTAATAG,138803,130363,8440,0,0.001,0.9392,0.0608,0,PASS
HTF20T1,0,0,CTAB,0,0,F2,0,SetC,F2,0,4.4771,540,100,12.562,N702,CGTACTAG,S520,AAGGCTAT,,NA,NA,878N,P_240507_Salan006_C16S_setC,1,CGTACTAG-ATAGCCTT,104516,98363,6153,0,0.0008,0.9411,0.0589,0,PASS
HTF25T1,0,0,Zymo,0,0,G2,0,SetC,G2,0,4.7746,540,100,13.3969,N702,CGTACTAG,S521,GAGCCTTA,,NA,NA,878N,P_240507_Salan006_C16S_setC,1,CGTACTAG-TAAGGCTC,98856,93885,4971,0,0.0007,0.9497,0.0503,0,PASS
HTF19T0,0,0,CTAB,0,0,H2,0,SetC,H2,0,3.952,540,100,11.0888,N702,CGTACTAG,S522,TTATGCGA,,NA,NA,878N,P_240507_Salan006_C16S_setC,1,CGTACTAG-TCGCATAA,98205,93164,5041,0,0.0007,0.9487,0.0513,0,PASS
HTF05T1,0,0,Other,0,0,A3,0,SetC,A3,0,4.4414,540,100,12.462,N703,AGGCAGAA,S513,TCGACTAG,,NA,NA,878N,P_240507_Salan006_C16S_setC,1,AGGCAGAA-CTAGTCGA,160866,149445,11421,0,0.0012,0.929,0.071,0,PASS
HTF15T1,0,0,CTAB,0,0,B3,0,SetC,B3,0,4.3458,540,100,12.1935,N703,AGGCAGAA,S515,TTCTAGCT,,NA,NA,878N,P_240507_Salan006_C16S_setC,1,AGGCAGAA-AGCTAGAA,145758,136352,9406,0,0.0011,0.9355,0.0645,0,PASS
HTF10T1,0,0,Zymo,0,0,C3,0,SetC,C3,0,4.1208,540,100,11.5624,N703,AGGCAGAA,S516,CCTAGAGT,,NA,NA,878N,P_240507_Salan006_C16S_setC,1,AGGCAGAA-ACTCTAGG,137454,130625,6829,0,0.001,0.9503,0.0497,0,PASS
HTF24T1,0,0,CTAB,0,0,D3,0,SetC,D3,0,4.4943,540,100,12.6101,N703,AGGCAGAA,S517,GCGTAAGA,,NA,NA,878N,P_240507_Salan006_C16S_setC,1,AGGCAGAA-TCTTACGC,118990,112709,6281,0,0.0009,0.9472,0.0528,0,PASS
HTF14T1,0,0,Zymo,0,0,E3,0,SetC,E3,0,4.4295,540,100,12.4283,N703,AGGCAGAA,S518,CTATTAAG,,NA,NA,878N,P_240507_Salan006_C16S_setC,1,AGGCAGAA-CTTAATAG,155198,139855,15343,0,0.0011,0.9011,0.0989,0,PASS
HTLCO05,0,0,CTAB,0,0,F3,0,SetC,F3,0,1.2532,540,100,3.5163,N703,AGGCAGAA,S520,AAGGCTAT,,NA,NA,878N,P_240507_Salan006_C16S_setC,1,AGGCAGAA-ATAGCCTT,286525,262793,23732,0,0.0021,0.9172,0.0828,0,PASS
CDROX03U1T5,0,0,Zymo,0,0,G3,0,SetC,G3,0,3.5564,540,100,9.9787,N703,AGGCAGAA,S521,GAGCCTTA,,NA,NA,878N,P_240507_Salan006_C16S_setC,1,AGGCAGAA-TAAGGCTC,198806,190394,8412,0,0.0015,0.9577,0.0423,0,PASS
CDROX03U2T2,0,0,CTAB,0,0,H3,0,SetC,H3,0,4.104,540,100,11.515,N703,AGGCAGAA,S522,TTATGCGA,,NA,NA,878N,P_240507_Salan006_C16S_setC,1,AGGCAGAA-TCGCATAA,126560,120399,6161,0,0.0009,0.9513,0.0487,0,PASS
HTF15T0,0,0,CTAB,0,0,A4,0,SetC,A4,0,3.1091,540,100,8.7236,N704,TCCTGAGC,S513,TCGACTAG,,NA,NA,878N,P_240507_Salan006_C16S_setC,1,TCCTGAGC-CTAGTCGA,110813,105117,5696,0,0.0008,0.9486,0.0514,0,PASS
HTF10T0,0,0,Other,0,0,B4,0,SetC,B4,0,2.8537,540,100,8.0069,N704,TCCTGAGC,S515,TTCTAGCT,,NA,NA,878N,P_240507_Salan006_C16S_setC,1,TCCTGAGC-AGCTAGAA,97162,92622,4540,0,0.0007,0.9533,0.0467,0,PASS
HTL090,0,0,Zymo,0,0,C4,0,SetC,C4,0,1.5724,540,100,4.4119,N704,TCCTGAGC,S516,CCTAGAGT,,NA,NA,878N,P_240507_Salan006_C16S_setC,1,TCCTGAGC-ACTCTAGG,62424,59653,2771,0,0.0005,0.9556,0.0444,0,FAILED
HTLCO01,0,0,Zymo,0,0,D4,0,SetC,D4,0,1.7965,540,100,5.0408,N704,TCCTGAGC,S517,GCGTAAGA,,NA,NA,878N,P_240507_Salan006_C16S_setC,1,TCCTGAGC-TCTTACGC,209932,202037,7895,0,0.0015,0.9624,0.0376,0,PASS
HTLCO02,0,0,Zymo,0,0,E4,0,SetC,E4,0,0.9667,540,100,2.7124,N704,TCCTGAGC,S518,CTATTAAG,,NA,NA,878N,P_240507_Salan006_C16S_setC,1,TCCTGAGC-CTTAATAG,258093,240704,17389,0,0.0019,0.9326,0.0674,0,PASS
CDROX03U2T0,0,0,CTAB,0,0,F4,0,SetC,F4,0,4.1585,540,100,11.6679,N704,TCCTGAGC,S520,AAGGCTAT,,NA,NA,878N,P_240507_Salan006_C16S_setC,1,TCCTGAGC-ATAGCCTT,147438,140272,7166,0,0.0011,0.9514,0.0486,0,PASS
CDROX03U3T2,0,0,CTAB,0,0,G4,0,SetC,G4,0,1.6006,540,100,4.491,N704,TCCTGAGC,S521,GAGCCTTA,,NA,NA,878N,P_240507_Salan006_C16S_setC,1,TCCTGAGC-TAAGGCTC,59609,56843,2766,0,0.0004,0.9536,0.0464,0,FAILED
CDROX03U1T0,0,0,Zymo,0,0,H4,0,SetC,H4,0,2.7206,540,100,7.6334,N704,TCCTGAGC,S522,TTATGCGA,,NA,NA,878N,P_240507_Salan006_C16S_setC,1,TCCTGAGC-TCGCATAA,96057,92070,3987,0,0.0007,0.9585,0.0415,0,PASS
HTF02T0,0,0,Zymo,0,0,A5,0,SetC,A5,0,3.9527,540,100,11.0908,N705,GGACTCCT,S513,TCGACTAG,,NA,NA,878N,P_240507_Salan006_C16S_setC,1,GGACTCCT-CTAGTCGA,174329,161294,13035,0,0.0013,0.9252,0.0748,0,PASS
CDROX03U3T4,0,0,Zymo,0,0,B5,0,SetC,B5,0,3.4377,540,100,9.6455,N705,GGACTCCT,S515,TTCTAGCT,,NA,NA,878N,P_240507_Salan006_C16S_setC,1,GGACTCCT-AGCTAGAA,167211,155191,12020,0,0.0012,0.9281,0.0719,0,PASS
CDROX02U2T4,0,0,Zymo,0,0,C5,0,SetC,C5,0,4.2763,540,100,11.9987,N705,GGACTCCT,S516,CCTAGAGT,,NA,NA,878N,P_240507_Salan006_C16S_setC,1,GGACTCCT-ACTCTAGG,159156,147861,11295,0,0.0012,0.929,0.071,0,PASS
CDROX03U2T5,0,0,CTAB,0,0,D5,0,SetC,D5,0,3.88,540,100,10.8868,N705,GGACTCCT,S517,GCGTAAGA,,NA,NA,878N,P_240507_Salan006_C16S_setC,1,GGACTCCT-TCTTACGC,128422,119730,8692,0,0.0009,0.9323,0.0677,0,PASS
HTL078,0,0,Zymo,0,0,E5,0,SetC,E5,0,3.5772,540,100,10.0369,N705,GGACTCCT,S518,CTATTAAG,,NA,NA,878N,P_240507_Salan006_C16S_setC,1,GGACTCCT-CTTAATAG,255151,237264,17887,0,0.0019,0.9299,0.0701,0,PASS
CDROX03U4T2,0,0,Zymo,0,0,F5,0,SetC,F5,0,3.8222,540,100,10.7245,N705,GGACTCCT,S520,AAGGCTAT,,NA,NA,878N,P_240507_Salan006_C16S_setC,1,GGACTCCT-ATAGCCTT,163040,150272,12768,0,0.0012,0.9217,0.0783,0,PASS
CDROX02U4T4,0,0,Zymo,0,0,G5,0,SetC,G5,0,2.8979,540,100,8.1312,N705,GGACTCCT,S521,GAGCCTTA,,NA,NA,878N,P_240507_Salan006_C16S_setC,1,GGACTCCT-TAAGGCTC,137004,128105,8899,0,0.001,0.935,0.065,0,PASS
CDROX02U2T2,0,0,Zymo,0,0,H5,0,SetC,H5,0,3.4596,540,100,9.7071,N705,GGACTCCT,S522,TTATGCGA,,NA,NA,878N,P_240507_Salan006_C16S_setC,1,GGACTCCT-TCGCATAA,151882,142237,9645,0,0.0011,0.9365,0.0635,0,PASS
HTF19T1,0,0,CTAB,0,0,A6,0,SetC,A6,0,2.17,540,100,6.0887,N706,TAGGCATG,S513,TCGACTAG,,NA,NA,878N,P_240507_Salan006_C16S_setC,1,TAGGCATG-CTAGTCGA,112893,106542,6351,0,0.0008,0.9437,0.0563,0,PASS
HTLCO03,0,0,Zymo,0,0,B6,0,SetC,B6,0,2.3567,540,100,6.6127,N706,TAGGCATG,S515,TTCTAGCT,,NA,NA,878N,P_240507_Salan006_C16S_setC,1,TAGGCATG-AGCTAGAA,256275,244171,12104,0,0.0019,0.9528,0.0472,0,PASS
CDROX03U4T4,0,0,Zymo,0,0,C6,0,SetC,C6,0,3.2021,540,100,8.9846,N706,TAGGCATG,S516,CCTAGAGT,,NA,NA,878N,P_240507_Salan006_C16S_setC,1,TAGGCATG-ACTCTAGG,166862,159647,7215,0,0.0012,0.9568,0.0432,0,PASS
CDROX02U3T4,0,0,Zymo,0,0,D6,0,SetC,D6,0,3.7913,540,100,10.6378,N706,TAGGCATG,S517,GCGTAAGA,,NA,NA,878N,P_240507_Salan006_C16S_setC,1,TAGGCATG-TCTTACGC,97971,93325,4646,0,0.0007,0.9526,0.0474,0,PASS
HTF25T0,0,0,Zymo,0,0,E6,0,SetC,E6,0,3.8603,540,100,10.8314,N706,TAGGCATG,S518,CTATTAAG,,NA,NA,878N,P_240507_Salan006_C16S_setC,1,TAGGCATG-CTTAATAG,148657,138422,10235,0,0.0011,0.9312,0.0688,0,PASS
CDROX03U3T0,0,0,CTAB,0,0,F6,0,SetC,F6,0,3.8722,540,100,10.8648,N706,TAGGCATG,S520,AAGGCTAT,,NA,NA,878N,P_240507_Salan006_C16S_setC,1,TAGGCATG-ATAGCCTT,166071,156717,9354,0,0.0012,0.9437,0.0563,0,PASS
CDROX03U1T3,0,0,CTAB,0,0,G6,0,SetC,G6,0,3.5242,540,100,9.8883,N706,TAGGCATG,S521,GAGCCTTA,,NA,NA,878N,P_240507_Salan006_C16S_setC,1,TAGGCATG-TAAGGCTC,103697,99220,4477,0,0.0008,0.9568,0.0432,0,PASS
CDROX02Slurry,0,0,CTAB,0,0,H6,0,SetC,H6,0,3.4285,540,100,9.6199,N706,TAGGCATG,S522,TTATGCGA,,NA,NA,878N,P_240507_Salan006_C16S_setC,1,TAGGCATG-TCGCATAA,111217,106296,4921,0,0.0008,0.9558,0.0442,0,PASS
CDROX03U4T0,0,0,CTAB,0,0,A7,0,SetC,A7,0,3.8295,540,100,10.7449,N707,CTCTCTAC,S513,TCGACTAG,,NA,NA,878N,P_240507_Salan006_C16S_setC,1,CTCTCTAC-CTAGTCGA,188351,177945,10406,0,0.0014,0.9448,0.0552,0,PASS
CDROX02U3T2,0,0,CTAB,0,0,B7,0,SetC,B7,0,2.4426,540,100,6.8535,N707,CTCTCTAC,S515,TTCTAGCT,,NA,NA,878N,P_240507_Salan006_C16S_setC,1,CTCTCTAC-AGCTAGAA,157660,150036,7624,0,0.0012,0.9516,0.0484,0,PASS
CDROX02U1T5,0,0,CTAB,0,0,C7,0,SetC,C7,0,1.2581,540,100,3.53,N707,CTCTCTAC,S516,CCTAGAGT,,NA,NA,878N,P_240507_Salan006_C16S_setC,1,CTCTCTAC-ACTCTAGG,110242,104370,5872,0,0.0008,0.9467,0.0533,0,PASS
CDROX03U2T3,0,0,Zymo,0,0,D7,0,SetC,D7,0,3.3906,540,100,9.5133,N707,CTCTCTAC,S517,GCGTAAGA,,NA,NA,878N,P_240507_Salan006_C16S_setC,1,CTCTCTAC-TCTTACGC,149940,142963,6977,0,0.0011,0.9535,0.0465,0,PASS
CDROX03U4T5,0,0,CTAB,0,0,E7,0,SetC,E7,0,0.6506,540,100,1.8254,N707,CTCTCTAC,S518,CTATTAAG,,NA,NA,878N,P_240507_Salan006_C16S_setC,1,CTCTCTAC-CTTAATAG,93105,85984,7121,0,0.0007,0.9235,0.0765,0,PASS
CDROXCO01,0,0,CTAB,0,0,F7,0,SetC,F7,0,1.5265,540,100,4.2831,N707,CTCTCTAC,S520,AAGGCTAT,,NA,NA,878N,P_240507_Salan006_C16S_setC,1,CTCTCTAC-ATAGCCTT,267714,252771,14943,0,0.002,0.9442,0.0558,0,PASS
CDROX02U3T5,0,0,CTAB,0,0,G7,0,SetC,G7,0,3.0535,540,100,8.5676,N707,CTCTCTAC,S521,GAGCCTTA,,NA,NA,878N,P_240507_Salan006_C16S_setC,1,CTCTCTAC-TAAGGCTC,125110,119387,5723,0,0.0009,0.9543,0.0457,0,PASS
CDROX02U1T2,0,0,Zymo,0,0,H7,0,SetC,H7,0,3.5347,540,100,9.9178,N707,CTCTCTAC,S522,TTATGCGA,,NA,NA,878N,P_240507_Salan006_C16S_setC,1,CTCTCTAC-TCGCATAA,106946,101858,5088,0,0.0008,0.9524,0.0476,0,PASS
CDROX02U4T2,0,0,Zymo,0,0,A8,0,SetC,A8,0,3.1256,540,100,8.7699,N710,CGAGGCTG,S513,TCGACTAG,,NA,NA,878N,P_240507_Salan006_C16S_setC,1,CGAGGCTG-CTAGTCGA,129847,122748,7099,0,0.001,0.9453,0.0547,0,PASS
CDROX02U1T0,0,0,CTAB,0,0,B8,0,SetC,B8,0,3.0797,540,100,8.6411,N710,CGAGGCTG,S515,TTCTAGCT,,NA,NA,878N,P_240507_Salan006_C16S_setC,1,CGAGGCTG-AGCTAGAA,142976,136224,6752,0,0.001,0.9528,0.0472,0,PASS
CDROX03U3T5,0,0,Zymo,0,0,C8,0,SetC,C8,0,3.1191,540,100,8.7515,N710,CGAGGCTG,S516,CCTAGAGT,,NA,NA,878N,P_240507_Salan006_C16S_setC,1,CGAGGCTG-ACTCTAGG,112812,107367,5445,0,0.0008,0.9517,0.0483,0,PASS
CDROX03U3T3,0,0,Zymo,0,0,D8,0,SetC,D8,0,3.8566,540,100,10.821,N710,CGAGGCTG,S517,GCGTAAGA,,NA,NA,878N,P_240507_Salan006_C16S_setC,1,CGAGGCTG-TCTTACGC,84087,79836,4251,0,0.0006,0.9494,0.0506,0,PASS
CDROX03U4T3,0,0,CTAB,0,0,E8,0,SetC,E8,0,3.6601,540,100,10.2695,N710,CGAGGCTG,S518,CTATTAAG,,NA,NA,878N,P_240507_Salan006_C16S_setC,1,CGAGGCTG-CTTAATAG,124814,117056,7758,0,0.0009,0.9378,0.0622,0,PASS
CDROX03U3T1,0,0,CTAB,0,0,F8,0,SetC,F8,0,3.972,540,100,11.1446,N710,CGAGGCTG,S520,AAGGCTAT,,NA,NA,878N,P_240507_Salan006_C16S_setC,1,CGAGGCTG-ATAGCCTT,99157,93595,5562,0,0.0007,0.9439,0.0561,0,PASS
CDROX02U4T5,0,0,CTAB,0,0,G8,0,SetC,G8,0,0.9861,540,100,2.7669,N710,CGAGGCTG,S521,GAGCCTTA,,NA,NA,878N,P_240507_Salan006_C16S_setC,1,CGAGGCTG-TAAGGCTC,84456,80532,3924,0,0.0006,0.9535,0.0465,0,PASS
CDROX03U1T4,0,0,Other,0,0,H8,0,SetC,H8,0,3.5162,540,100,9.866,N710,CGAGGCTG,S522,TTATGCGA,,NA,NA,878N,P_240507_Salan006_C16S_setC,1,CGAGGCTG-TCGCATAA,99430,94567,4863,0,0.0007,0.9511,0.0489,0,PASS
CDROX02U2T0,0,0,Zymo,0,0,A9,0,SetC,A9,0,3.0095,540,100,8.444,N711,AAGAGGCA,S513,TCGACTAG,,NA,NA,878N,P_240507_Salan006_C16S_setC,1,AAGAGGCA-CTAGTCGA,156707,144709,11998,0,0.0011,0.9234,0.0766,0,PASS
CDROX02U1T3,0,0,CTAB,0,0,B9,0,SetC,B9,0,3.4484,540,100,9.6756,N711,AAGAGGCA,S515,TTCTAGCT,,NA,NA,878N,P_240507_Salan006_C16S_setC,1,AAGAGGCA-AGCTAGAA,150997,141337,9660,0,0.0011,0.936,0.064,0,PASS
CDROX03U1T1,0,0,CTAB,0,0,C9,0,SetC,C9,0,2.8172,540,100,7.9047,N711,AAGAGGCA,S516,CCTAGAGT,,NA,NA,878N,P_240507_Salan006_C16S_setC,1,AAGAGGCA-ACTCTAGG,139999,132658,7341,0,0.001,0.9476,0.0524,0,PASS
CDROX02U2T5,0,0,CTAB,0,0,D9,0,SetC,D9,0,2.9882,540,100,8.3844,N711,AAGAGGCA,S517,GCGTAAGA,,NA,NA,878N,P_240507_Salan006_C16S_setC,1,AAGAGGCA-TCTTACGC,166966,158328,8638,0,0.0012,0.9483,0.0517,0,PASS
CDROX03U2T1,0,0,Zymo,0,0,E9,0,SetC,E9,0,2.5844,540,100,7.2514,N711,AAGAGGCA,S518,CTATTAAG,,NA,NA,878N,P_240507_Salan006_C16S_setC,1,AAGAGGCA-CTTAATAG,142779,128065,14714,0,0.001,0.8969,0.1031,0,PASS
CDROX03U4T1,0,0,CTAB,0,0,F9,0,SetC,F9,0,3.7726,540,100,10.5854,N711,AAGAGGCA,S520,AAGGCTAT,,NA,NA,878N,P_240507_Salan006_C16S_setC,1,AAGAGGCA-ATAGCCTT,146257,135103,11154,0,0.0011,0.9237,0.0763,0,PASS
CDROX02U3T3,0,0,CTAB,0,0,G9,0,SetC,G9,0,2.9181,540,100,8.1876,N711,AAGAGGCA,S521,GAGCCTTA,,NA,NA,878N,P_240507_Salan006_C16S_setC,1,AAGAGGCA-TAAGGCTC,138104,131581,6523,0,0.001,0.9528,0.0472,0,PASS
CDROX02U2T3,0,0,CTAB,0,0,H9,0,SetC,H9,0,1.4138,540,100,3.9668,N711,AAGAGGCA,S522,TTATGCGA,,NA,NA,878N,P_240507_Salan006_C16S_setC,1,AAGAGGCA-TCGCATAA,86822,81685,5137,0,0.0006,0.9408,0.0592,0,PASS
CDROX03Stool,0,0,Other,0,0,A10,0,SetC,A10,0,1.9943,540,100,5.5958,N712,GTAGAGGA,S513,TCGACTAG,,NA,NA,878N,P_240507_Salan006_C16S_setC,1,GTAGAGGA-CTAGTCGA,125502,117553,7949,0,0.0009,0.9367,0.0633,0,PASS
CDROX02U4T0,0,0,CTAB,0,0,B10,0,SetC,B10,0,2.6442,540,100,7.4192,N712,GTAGAGGA,S515,TTCTAGCT,,NA,NA,878N,P_240507_Salan006_C16S_setC,1,GTAGAGGA-AGCTAGAA,140887,133166,7721,0,0.001,0.9452,0.0548,0,PASS
CDROX02U3T0,0,0,Zymo,0,0,C10,0,SetC,C10,0,2.7562,540,100,7.7336,N712,GTAGAGGA,S516,CCTAGAGT,,NA,NA,878N,P_240507_Salan006_C16S_setC,1,GTAGAGGA-ACTCTAGG,122634,116248,6386,0,0.0009,0.9479,0.0521,0,PASS
CDROX01U4T4,0,0,Zymo,0,0,D10,0,SetC,D10,0,2.6087,540,100,7.3196,N712,GTAGAGGA,S517,GCGTAAGA,,NA,NA,878N,P_240507_Salan006_C16S_setC,1,GTAGAGGA-TCTTACGC,98805,93856,4949,0,0.0007,0.9499,0.0501,0,PASS
CDROX02U4T3,0,0,Other,0,0,E10,0,SetC,E10,0,0.7144,540,100,2.0044,N712,GTAGAGGA,S518,CTATTAAG,,NA,NA,878N,P_240507_Salan006_C16S_setC,1,GTAGAGGA-CTTAATAG,27964,24267,3697,0,0.0002,0.8678,0.1322,0,FAILED
CDROX02U3T1,0,0,CTAB,0,0,F10,0,SetC,F10,0,2.6792,540,100,7.5174,N712,GTAGAGGA,S520,AAGGCTAT,,NA,NA,878N,P_240507_Salan006_C16S_setC,1,GTAGAGGA-ATAGCCTT,129446,121422,8024,0,0.0009,0.938,0.062,0,PASS
CDROXCO03,0,0,CTAB,0,0,G10,0,SetC,G10,0,,540,100,,N712,GTAGAGGA,S521,GAGCCTTA,,NA,NA,878N,P_240507_Salan006_C16S_setC,1,GTAGAGGA-TAAGGCTC,9680,7644,2036,0,0.0001,0.7897,0.2103,0,FAILED
CDROX03U2T4,0,0,CTAB,0,0,H10,0,SetC,H10,0,1.8828,540,100,5.2827,N712,GTAGAGGA,S522,TTATGCGA,,NA,NA,878N,P_240507_Salan006_C16S_setC,1,GTAGAGGA-TCGCATAA,88183,83482,4701,0,0.0006,0.9467,0.0533,0,PASS
CDROX02U1T1,0,0,Zymo,0,0,A11,0,SetC,A11,0,3.3438,540,100,9.3823,N714,GCTCATGA,S513,TCGACTAG,,NA,NA,878N,P_240507_Salan006_C16S_setC,1,GCTCATGA-CTAGTCGA,131361,119696,11665,0,0.001,0.9112,0.0888,0,PASS
CDROXCO02,0,0,Zymo,0,0,B11,0,SetC,B11,0,1.4512,540,100,4.072,N714,GCTCATGA,S515,TTCTAGCT,,NA,NA,878N,P_240507_Salan006_C16S_setC,1,GCTCATGA-AGCTAGAA,273357,249976,23381,0,0.002,0.9145,0.0855,0,PASS
CDROX01U3T4,0,0,Zymo,0,0,C11,0,SetC,C11,0,4.2245,540,100,11.8533,N714,GCTCATGA,S516,CCTAGAGT,,NA,NA,878N,P_240507_Salan006_C16S_setC,1,GCTCATGA-ACTCTAGG,129775,118593,11182,0,0.001,0.9138,0.0862,0,PASS
CDROX01U1T5,0,0,Zymo,0,0,D11,0,SetC,D11,0,3.554,540,100,9.9719,N714,GCTCATGA,S517,GCGTAAGA,,NA,NA,878N,P_240507_Salan006_C16S_setC,1,GCTCATGA-TCTTACGC,107737,98898,8839,0,0.0008,0.918,0.082,0,PASS
CDROX02U2T1,0,0,Zymo,0,0,E11,0,SetC,E11,0,1.2662,540,100,3.5529,N714,GCTCATGA,S518,CTATTAAG,,NA,NA,878N,P_240507_Salan006_C16S_setC,1,GCTCATGA-CTTAATAG,82923,74008,8915,0,0.0006,0.8925,0.1075,0,PASS
CDROX01U3T5,0,0,CTAB,0,0,F11,0,SetC,F11,0,3.29,540,100,9.2312,N714,GCTCATGA,S520,AAGGCTAT,,NA,NA,878N,P_240507_Salan006_C16S_setC,1,GCTCATGA-ATAGCCTT,126467,115272,11195,0,0.0009,0.9115,0.0885,0,PASS
CDROX01U4T5,0,0,Zymo,0,0,G11,0,SetC,G11,0,0.5547,540,100,1.5563,N714,GCTCATGA,S521,GAGCCTTA,,NA,NA,878N,P_240507_Salan006_C16S_setC,1,GCTCATGA-TAAGGCTC,21063,17950,3113,0,0.0002,0.8522,0.1478,0,FAILED
CDROX03U1T2,0,0,CTAB,0,0,H11,0,SetC,H11,0,3.5366,540,100,9.9233,N714,GCTCATGA,S522,TTATGCGA,,NA,NA,878N,P_240507_Salan006_C16S_setC,1,GCTCATGA-TCGCATAA,123404,113750,9654,0,0.0009,0.9218,0.0782,0,PASS
CDROX01U2T5,0,0,CTAB,0,0,A12,0,SetC,A12,0,2.7077,540,100,7.5974,N715,ATCTCAGG,S513,TCGACTAG,,NA,NA,878N,P_240507_Salan006_C16S_setC,1,ATCTCAGG-CTAGTCGA,138177,130095,8082,0,0.001,0.9415,0.0585,0,PASS
CDROX01U3T2,0,0,CTAB,0,0,B12,0,SetC,B12,0,2.5501,540,100,7.1552,N715,ATCTCAGG,S515,TTCTAGCT,,NA,NA,878N,P_240507_Salan006_C16S_setC,1,ATCTCAGG-AGCTAGAA,143594,135760,7834,0,0.0011,0.9454,0.0546,0,PASS
standard_setC_240612,0,0,Zymo,0,0,C12,0,SetC,C12,0,4.0255,540,100,11.2948,N715,ATCTCAGG,S516,CCTAGAGT,,NA,NA,878N,P_240507_Salan006_C16S_setC,1,ATCTCAGG-ACTCTAGG,168881,160812,8069,0,0.0012,0.9522,0.0478,0,PASS
NTC_setC_240612,0,0,Zymo,0,0,D12,0,SetC,D12,0,1.7143,540,100,4.8099,N715,ATCTCAGG,S517,GCGTAAGA,,NA,NA,878N,P_240507_Salan006_C16S_setC,1,ATCTCAGG-TCTTACGC,262243,249265,12978,0,0.0019,0.9505,0.0495,0,PASS
stdw_setC_240612,0,0,Zymo,0,0,E12,0,SetC,E12,0,0.8348,540,100,2.3423,N715,ATCTCAGG,S518,CTATTAAG,,NA,NA,878N,P_240507_Salan006_C16S_setC,1,ATCTCAGG-CTTAATAG,259936,241745,18191,0,0.0019,0.93,0.07,0,PASS
eb_setC_240612,0,0,Zymo,0,0,F12,0,SetC,F12,0,2.6274,540,100,7.3721,N715,ATCTCAGG,S520,AAGGCTAT,,NA,NA,878N,P_240507_Salan006_C16S_setC,1,ATCTCAGG-ATAGCCTT,264179,247632,16547,0,0.0019,0.9374,0.0626,0,PASS
pos_setC_240612,0,0,Zymo,0,0,G12,0,SetC,G12,0,2.4737,540,100,6.9407,N715,ATCTCAGG,S521,GAGCCTTA,,NA,NA,878N,P_240507_Salan006_C16S_setC,1,ATCTCAGG-TAAGGCTC,146141,139777,6364,0,0.0011,0.9565,0.0435,0,PASS
neg_setC_240612,0,0,Zymo,0,0,H12,0,SetC,H12,0,4.8037,540,100,13.4784,N715,ATCTCAGG,S522,TTATGCGA,,NA,NA,878N,P_240507_Salan006_C16S_setC,1,ATCTCAGG-TCGCATAA,179028,170926,8102,0,0.0013,0.9547,0.0453,0,PASS
HTF35T1,0,0,Other,0,0,A1,0,SetD,A1,0,4.0053,540,100,11.2381,N716,ACTCGCTA,S513,TCGACTAG,,NA,NA,878N,P_240507_Salan006_C16S_setD,1,ACTCGCTA-CTAGTCGA,168339,159201,9138,0,0.0012,0.9457,0.0543,0,PASS
HTF43T1,0,0,CTAB,0,0,B1,0,SetD,B1,0,3.1744,540,100,8.9067,N716,ACTCGCTA,S515,TTCTAGCT,,NA,NA,878N,P_240507_Salan006_C16S_setD,1,ACTCGCTA-AGCTAGAA,136411,129904,6507,0,0.001,0.9523,0.0477,0,PASS
HTF35T0,0,0,Zymo,0,0,C1,0,SetD,C1,0,3.2119,540,100,9.0122,N716,ACTCGCTA,S516,CCTAGAGT,,NA,NA,878N,P_240507_Salan006_C16S_setD,1,ACTCGCTA-ACTCTAGG,155720,149224,6496,0,0.0011,0.9583,0.0417,0,PASS
HTF43T0,0,0,Zymo,0,0,D1,0,SetD,D1,0,3.4341,540,100,9.6355,N716,ACTCGCTA,S517,GCGTAAGA,,NA,NA,878N,P_240507_Salan006_C16S_setD,1,ACTCGCTA-TCTTACGC,141922,136127,5795,0,0.001,0.9592,0.0408,0,PASS
HTFCO1,0,0,Other,0,0,E1,0,SetD,E1,0,2.5494,540,100,7.1531,N716,ACTCGCTA,S518,CTATTAAG,,NA,NA,878N,P_240507_Salan006_C16S_setD,1,ACTCGCTA-CTTAATAG,337322,311067,26255,0,0.0025,0.9222,0.0778,0,PASS
HTF49T0,0,0,Zymo,0,0,F1,0,SetD,F1,0,3.3969,540,100,9.5311,N716,ACTCGCTA,S520,AAGGCTAT,,NA,NA,878N,P_240507_Salan006_C16S_setD,1,ACTCGCTA-ATAGCCTT,164584,155929,8655,0,0.0012,0.9474,0.0526,0,PASS
HTL010,0,0,CTAB,0,0,G1,0,SetD,G1,0,3.9021,540,100,10.9485,N716,ACTCGCTA,S521,GAGCCTTA,,NA,NA,878N,P_240507_Salan006_C16S_setD,1,ACTCGCTA-TAAGGCTC,159212,152849,6363,0,0.0012,0.96,0.04,0,PASS
HTL003,0,0,Other,0,0,H1,0,SetD,H1,0,3.9072,540,100,10.963,N716,ACTCGCTA,S522,TTATGCGA,,NA,NA,878N,P_240507_Salan006_C16S_setD,1,ACTCGCTA-TCGCATAA,148674,142669,6005,0,0.0011,0.9596,0.0404,0,PASS
HTL051,0,0,CTAB,0,0,A2,0,SetD,A2,0,3.9287,540,100,11.0233,N718,GGAGCTAC,S513,TCGACTAG,,NA,NA,878N,P_240507_Salan006_C16S_setD,1,GGAGCTAC-CTAGTCGA,137857,128915,8942,0,0.001,0.9351,0.0649,0,PASS
HTL002,0,0,Zymo,0,0,B2,0,SetD,B2,0,3.3096,540,100,9.2862,N718,GGAGCTAC,S515,TTCTAGCT,,NA,NA,878N,P_240507_Salan006_C16S_setD,1,GGAGCTAC-AGCTAGAA,138987,130483,8504,0,0.001,0.9388,0.0612,0,PASS
HTF56T0,0,0,Zymo,0,0,C2,0,SetD,C2,0,4.2367,540,100,11.8873,N718,GGAGCTAC,S516,CCTAGAGT,,NA,NA,878N,P_240507_Salan006_C16S_setD,1,GGAGCTAC-ACTCTAGG,168272,159107,9165,0,0.0012,0.9455,0.0545,0,PASS
HTL060,0,0,Zymo,0,0,D2,0,SetD,D2,0,2.9822,540,100,8.3676,N718,GGAGCTAC,S517,GCGTAAGA,,NA,NA,878N,P_240507_Salan006_C16S_setD,1,GGAGCTAC-TCTTACGC,199774,190080,9694,0,0.0015,0.9515,0.0485,0,PASS
HTL071,0,0,CTAB,0,0,E2,0,SetD,E2,0,4.1349,540,100,11.6017,N718,GGAGCTAC,S518,CTATTAAG,,NA,NA,878N,P_240507_Salan006_C16S_setD,1,GGAGCTAC-CTTAATAG,168020,155569,12451,0,0.0012,0.9259,0.0741,0,PASS
HTL011,0,0,Zymo,0,0,F2,0,SetD,F2,0,3.7678,540,100,10.5718,N718,GGAGCTAC,S520,AAGGCTAT,,NA,NA,878N,P_240507_Salan006_C16S_setD,1,GGAGCTAC-ATAGCCTT,217522,205138,12384,0,0.0016,0.9431,0.0569,0,PASS
HTL020,0,0,CTAB,0,0,G2,0,SetD,G2,0,,540,100,,N718,GGAGCTAC,S521,GAGCCTTA,,NA,NA,878N,P_240507_Salan006_C16S_setD,1,GGAGCTAC-TAAGGCTC,36832,33220,3612,0,0.0003,0.9019,0.0981,0,FAILED
HTL012,0,0,Zymo,0,0,H2,0,SetD,H2,0,3.8853,540,100,10.9015,N718,GGAGCTAC,S522,TTATGCGA,,NA,NA,878N,P_240507_Salan006_C16S_setD,1,GGAGCTAC-TCGCATAA,113301,106694,6607,0,0.0008,0.9417,0.0583,0,PASS
HTL030,0,0,CTAB,0,0,A3,0,SetD,A3,0,2.8612,540,100,8.0279,N719,GCGTAGTA,S513,TCGACTAG,,NA,NA,878N,P_240507_Salan006_C16S_setD,1,GCGTAGTA-CTAGTCGA,130433,119810,10623,0,0.001,0.9186,0.0814,0,PASS
HTL019,0,0,CTAB,0,0,B3,0,SetD,B3,0,3.0703,540,100,8.6148,N719,GCGTAGTA,S515,TTCTAGCT,,NA,NA,878N,P_240507_Salan006_C16S_setD,1,GCGTAGTA-AGCTAGAA,193578,180689,12889,0,0.0014,0.9334,0.0666,0,PASS
HTF60T1,0,0,CTAB,0,0,C3,0,SetD,C3,0,2.7302,540,100,7.6605,N719,GCGTAGTA,S516,CCTAGAGT,,NA,NA,878N,P_240507_Salan006_C16S_setD,1,GCGTAGTA-ACTCTAGG,130216,120741,9475,0,0.001,0.9272,0.0728,0,PASS
HTF55T0,0,0,Zymo,0,0,D3,0,SetD,D3,0,2.6652,540,100,7.478,N719,GCGTAGTA,S517,GCGTAAGA,,NA,NA,878N,P_240507_Salan006_C16S_setD,1,GCGTAGTA-TCTTACGC,70267,65560,4707,0,0.0005,0.933,0.067,0,FAILED
HTF48T1,0,0,Zymo,0,0,E3,0,SetD,E3,0,3.5384,540,100,9.928,N719,GCGTAGTA,S518,CTATTAAG,,NA,NA,878N,P_240507_Salan006_C16S_setD,1,GCGTAGTA-CTTAATAG,142114,129091,13023,0,0.001,0.9084,0.0916,0,PASS
HTF41T1,0,0,Other,0,0,F3,0,SetD,F3,0,2.7329,540,100,7.6679,N719,GCGTAGTA,S520,AAGGCTAT,,NA,NA,878N,P_240507_Salan006_C16S_setD,1,GCGTAGTA-ATAGCCTT,117250,108169,9081,0,0.0009,0.9226,0.0774,0,PASS
HTF34T1,0,0,Other,0,0,G3,0,SetD,G3,0,2.8653,540,100,8.0396,N719,GCGTAGTA,S521,GAGCCTTA,,NA,NA,878N,P_240507_Salan006_C16S_setD,1,GCGTAGTA-TAAGGCTC,97751,90423,7328,0,0.0007,0.925,0.075,0,PASS
HTL021,0,0,CTAB,0,0,H3,0,SetD,H3,0,2.7855,540,100,7.8157,N719,GCGTAGTA,S522,TTATGCGA,,NA,NA,878N,P_240507_Salan006_C16S_setD,1,GCGTAGTA-TCGCATAA,90607,83889,6718,0,0.0007,0.9259,0.0741,0,PASS
HTL029,0,0,Zymo,0,0,A4,0,SetD,A4,0,3.0848,540,100,8.6554,N720,CGGAGCCT,S513,TCGACTAG,,NA,NA,878N,P_240507_Salan006_C16S_setD,1,CGGAGCCT-CTAGTCGA,148191,140274,7917,0,0.0011,0.9466,0.0534,0,PASS
HTL039,0,0,CTAB,0,0,B4,0,SetD,B4,0,2.774,540,100,7.7834,N720,CGGAGCCT,S515,TTCTAGCT,,NA,NA,878N,P_240507_Salan006_C16S_setD,1,CGGAGCCT-AGCTAGAA,121696,115358,6338,0,0.0009,0.9479,0.0521,0,PASS
HTF41T0,0,0,Zymo,0,0,C4,0,SetD,C4,0,2.6284,540,100,7.3747,N720,CGGAGCCT,S516,CCTAGAGT,,NA,NA,878N,P_240507_Salan006_C16S_setD,1,CGGAGCCT-ACTCTAGG,119777,113980,5797,0,0.0009,0.9516,0.0484,0,PASS
HTF48T0,0,0,Other,0,0,D4,0,SetD,D4,0,2.8064,540,100,7.8744,N720,CGGAGCCT,S517,GCGTAAGA,,NA,NA,878N,P_240507_Salan006_C16S_setD,1,CGGAGCCT-TCTTACGC,119263,113690,5573,0,0.0009,0.9533,0.0467,0,PASS
HTF53T1,0,0,Zymo,0,0,E4,0,SetD,E4,0,3.5896,540,100,10.072,N720,CGGAGCCT,S518,CTATTAAG,,NA,NA,878N,P_240507_Salan006_C16S_setD,1,CGGAGCCT-CTTAATAG,131923,123711,8212,0,0.001,0.9378,0.0622,0,PASS
HTF40T1,0,0,Zymo,0,0,F4,0,SetD,F4,0,2.4688,540,100,6.9269,N720,CGGAGCCT,S520,AAGGCTAT,,NA,NA,878N,P_240507_Salan006_C16S_setD,1,CGGAGCCT-ATAGCCTT,137244,129522,7722,0,0.001,0.9437,0.0563,0,PASS
HTF34T0,0,0,Zymo,0,0,G4,0,SetD,G4,0,2.7207,540,100,7.6338,N720,CGGAGCCT,S521,GAGCCTTA,,NA,NA,878N,P_240507_Salan006_C16S_setD,1,CGGAGCCT-TAAGGCTC,137163,131112,6051,0,0.001,0.9559,0.0441,0,PASS
HTF59T0,0,0,Zymo,0,0,H4,0,SetD,H4,0,2.9532,540,100,8.2862,N720,CGGAGCCT,S522,TTATGCGA,,NA,NA,878N,P_240507_Salan006_C16S_setD,1,CGGAGCCT-TCGCATAA,110528,105199,5329,0,0.0008,0.9518,0.0482,0,PASS
HTF33T1,0,0,CTAB,0,0,A5,0,SetD,A5,0,3.5337,540,100,9.9151,N721,TACGCTGC,S513,TCGACTAG,,NA,NA,878N,P_240507_Salan006_C16S_setD,1,TACGCTGC-CTAGTCGA,117971,112379,5592,0,0.0009,0.9526,0.0474,0,PASS
HTF60T0,0,0,CTAB,0,0,B5,0,SetD,B5,0,2.1048,540,100,5.9056,N721,TACGCTGC,S515,TTCTAGCT,,NA,NA,878N,P_240507_Salan006_C16S_setD,1,TACGCTGC-AGCTAGAA,107765,103135,4630,0,0.0008,0.957,0.043,0,PASS
HTF59T1,0,0,Zymo,0,0,C5,0,SetD,C5,0,2.8554,540,100,8.0116,N721,TACGCTGC,S516,CCTAGAGT,,NA,NA,878N,P_240507_Salan006_C16S_setD,1,TACGCTGC-ACTCTAGG,105766,101266,4500,0,0.0008,0.9575,0.0425,0,PASS
HTF54T1,0,0,Zymo,0,0,D5,0,SetD,D5,0,2.7261,540,100,7.649,N721,TACGCTGC,S517,GCGTAAGA,,NA,NA,878N,P_240507_Salan006_C16S_setD,1,TACGCTGC-TCTTACGC,76605,73437,3168,0,0.0006,0.9586,0.0414,0,PASS
HTF47T1,0,0,Zymo,0,0,E5,0,SetD,E5,0,3.4429,540,100,9.6602,N721,TACGCTGC,S518,CTATTAAG,,NA,NA,878N,P_240507_Salan006_C16S_setD,1,TACGCTGC-CTTAATAG,142040,132705,9335,0,0.001,0.9343,0.0657,0,PASS
HTL040,0,0,Zymo,0,0,F5,0,SetD,F5,0,3.7452,540,100,10.5086,N721,TACGCTGC,S520,AAGGCTAT,,NA,NA,878N,P_240507_Salan006_C16S_setD,1,TACGCTGC-ATAGCCTT,113410,108040,5370,0,0.0008,0.9526,0.0474,0,PASS
HTL048,0,0,CTAB,0,0,G5,0,SetD,G5,0,0.0887,540,100,0.2489,N721,TACGCTGC,S521,GAGCCTTA,,NA,NA,878N,P_240507_Salan006_C16S_setD,1,TACGCTGC-TAAGGCTC,265665,257461,8204,0,0.0019,0.9691,0.0309,0,PASS
HTL050,0,0,Zymo,0,0,H5,0,SetD,H5,0,2.9142,540,100,8.1766,N721,TACGCTGC,S522,TTATGCGA,,NA,NA,878N,P_240507_Salan006_C16S_setD,1,TACGCTGC-TCGCATAA,117822,113174,4648,0,0.0009,0.9606,0.0394,0,PASS
HTL049,0,0,Zymo,0,0,A6,0,SetD,A6,0,3.1027,540,100,8.7055,N722,ATGCGCAG,S513,TCGACTAG,,NA,NA,878N,P_240507_Salan006_C16S_setD,1,ATGCGCAG-CTAGTCGA,129831,121257,8574,0,0.001,0.934,0.066,0,PASS
HTL041,0,0,CTAB,0,0,B6,0,SetD,B6,0,2.8535,540,100,8.0065,N722,ATGCGCAG,S515,TTCTAGCT,,NA,NA,878N,P_240507_Salan006_C16S_setD,1,ATGCGCAG-AGCTAGAA,102029,96166,5863,0,0.0007,0.9425,0.0575,0,PASS
HTL031,0,0,Zymo,0,0,C6,0,SetD,C6,0,2.8377,540,100,7.9621,N722,ATGCGCAG,S516,CCTAGAGT,,NA,NA,878N,P_240507_Salan006_C16S_setD,1,ATGCGCAG-ACTCTAGG,106275,101019,5256,0,0.0008,0.9505,0.0495,0,PASS
HTL058,0,0,CTAB,0,0,D6,0,SetD,D6,0,1.804,540,100,5.0617,N722,ATGCGCAG,S517,GCGTAAGA,,NA,NA,878N,P_240507_Salan006_C16S_setD,1,ATGCGCAG-TCTTACGC,84271,80127,4144,0,0.0006,0.9508,0.0492,0,PASS
HTF47T0,0,0,CTAB,0,0,E6,0,SetD,E6,0,3.0908,540,100,8.6724,N722,ATGCGCAG,S518,CTATTAAG,,NA,NA,878N,P_240507_Salan006_C16S_setD,1,ATGCGCAG-CTTAATAG,110273,100813,9460,0,0.0008,0.9142,0.0858,0,PASS
HTL059,0,0,Other,0,0,F6,0,SetD,F6,0,2.7515,540,100,7.7204,N722,ATGCGCAG,S520,AAGGCTAT,,NA,NA,878N,P_240507_Salan006_C16S_setD,1,ATGCGCAG-ATAGCCTT,96097,89553,6544,0,0.0007,0.9319,0.0681,0,PASS
HTL069,0,0,Zymo,0,0,G6,0,SetD,G6,0,3.3704,540,100,9.4569,N722,ATGCGCAG,S521,GAGCCTTA,,NA,NA,878N,P_240507_Salan006_C16S_setD,1,ATGCGCAG-TAAGGCTC,104713,100000,4713,0,0.0008,0.955,0.045,0,PASS
HTF40T0,0,0,Zymo,0,0,H6,0,SetD,H6,0,3.0814,540,100,8.6459,N722,ATGCGCAG,S522,TTATGCGA,,NA,NA,878N,P_240507_Salan006_C16S_setD,1,ATGCGCAG-TCGCATAA,80443,76497,3946,0,0.0006,0.9509,0.0491,0,PASS
HTF54T0,0,0,Zymo,0,0,A7,0,SetD,A7,0,2.6282,540,100,7.3743,N723,TAGCGCTC,S513,TCGACTAG,,NA,NA,878N,P_240507_Salan006_C16S_setD,1,TAGCGCTC-CTAGTCGA,166029,156193,9836,0,0.0012,0.9408,0.0592,0,PASS
HTL067,0,0,CTAB,0,0,B7,0,SetD,B7,0,2.2279,540,100,6.251,N723,TAGCGCTC,S515,TTCTAGCT,,NA,NA,878N,P_240507_Salan006_C16S_setD,1,TAGCGCTC-AGCTAGAA,151428,144208,7220,0,0.0011,0.9523,0.0477,0,PASS
HTL057,0,0,Zymo,0,0,C7,0,SetD,C7,0,2.5433,540,100,7.1359,N723,TAGCGCTC,S516,CCTAGAGT,,NA,NA,878N,P_240507_Salan006_C16S_setD,1,TAGCGCTC-ACTCTAGG,111656,105617,6039,0,0.0008,0.9459,0.0541,0,PASS
HTF58T0,0,0,Zymo,0,0,D7,0,SetD,D7,0,2.988,540,100,8.3838,N723,TAGCGCTC,S517,GCGTAAGA,,NA,NA,878N,P_240507_Salan006_C16S_setD,1,TAGCGCTC-TCTTACGC,109758,103978,5780,0,0.0008,0.9473,0.0527,0,PASS
HTF46T1,0,0,Zymo,0,0,E7,0,SetD,E7,0,,540,100,,N723,TAGCGCTC,S518,CTATTAAG,,NA,NA,878N,P_240507_Salan006_C16S_setD,1,TAGCGCTC-CTTAATAG,35212,33044,2168,0,0.0003,0.9384,0.0616,0,FAILED
HTF33T0,0,0,Zymo,0,0,F7,0,SetD,F7,0,3.9668,540,100,11.1303,N723,TAGCGCTC,S520,AAGGCTAT,,NA,NA,878N,P_240507_Salan006_C16S_setD,1,TAGCGCTC-ATAGCCTT,159904,151404,8500,0,0.0012,0.9468,0.0532,0,PASS
HTF53T0,0,0,Zymo,0,0,G7,0,SetD,G7,0,3.1437,540,100,8.8207,N723,TAGCGCTC,S521,GAGCCTTA,,NA,NA,878N,P_240507_Salan006_C16S_setD,1,TAGCGCTC-TAAGGCTC,143597,135969,7628,0,0.0011,0.9469,0.0531,0,PASS
HTF32T1,0,0,CTAB,0,0,H7,0,SetD,H7,0,4.3818,540,100,12.2945,N723,TAGCGCTC,S522,TTATGCGA,,NA,NA,878N,P_240507_Salan006_C16S_setD,1,TAGCGCTC-TCGCATAA,139699,133258,6441,0,0.001,0.9539,0.0461,0,PASS
HTF39T1,0,0,CTAB,0,0,A8,0,SetD,A8,0,2.9107,540,100,8.1669,N724,ACTGAGCG,S513,TCGACTAG,,NA,NA,878N,P_240507_Salan006_C16S_setD,1,ACTGAGCG-CTAGTCGA,128860,122507,6353,0,0.0009,0.9507,0.0493,0,PASS
HTL068,0,0,CTAB,0,0,B8,0,SetD,B8,0,2.2062,540,100,6.1904,N724,ACTGAGCG,S515,TTCTAGCT,,NA,NA,878N,P_240507_Salan006_C16S_setD,1,ACTGAGCG-AGCTAGAA,92660,88136,4524,0,0.0007,0.9512,0.0488,0,PASS
HTF51T1,0,0,CTAB,0,0,C8,0,SetD,C8,0,4.1441,540,100,11.6277,N724,ACTGAGCG,S516,CCTAGAGT,,NA,NA,878N,P_240507_Salan006_C16S_setD,1,ACTGAGCG-ACTCTAGG,127124,121644,5480,0,0.0009,0.9569,0.0431,0,PASS
HTF58T1,0,0,Zymo,0,0,D8,0,SetD,D8,0,2.6666,540,100,7.4822,N724,ACTGAGCG,S517,GCGTAAGA,,NA,NA,878N,P_240507_Salan006_C16S_setD,1,ACTGAGCG-TCTTACGC,93944,89955,3989,0,0.0007,0.9575,0.0425,0,PASS
HTF57T1,0,0,Zymo,0,0,E8,0,SetD,E8,0,3.1775,540,100,8.9155,N724,ACTGAGCG,S518,CTATTAAG,,NA,NA,878N,P_240507_Salan006_C16S_setD,1,ACTGAGCG-CTTAATAG,163478,154314,9164,0,0.0012,0.9439,0.0561,0,PASS
HTFCO5,0,0,Zymo,0,0,F8,0,SetD,F8,0,1.9074,540,100,5.3519,N724,ACTGAGCG,S520,AAGGCTAT,,NA,NA,878N,P_240507_Salan006_C16S_setD,1,ACTGAGCG-ATAGCCTT,269589,256347,13242,0,0.002,0.9509,0.0491,0,PASS
HTFCO4,0,0,Zymo,0,0,H8,0,SetD,H8,0,0.4994,540,100,1.4012,N724,ACTGAGCG,S522,TTATGCGA,,NA,NA,878N,P_240507_Salan006_C16S_setD,1,ACTGAGCG-TCGCATAA,272119,261268,10851,0,0.002,0.9601,0.0399,0,PASS
HTL001,0,0,CTAB,0,0,B9,0,SetD,B9,0,2.7328,540,100,7.6678,N726,CCTAAGAC,S515,TTCTAGCT,,NA,NA,878N,P_240507_Salan006_C16S_setD,1,CCTAAGAC-AGCTAGAA,128124,120927,7197,0,0.0009,0.9438,0.0562,0,PASS
HTFCO3,0,0,CTAB,0,0,C9,0,SetD,C9,0,1.5458,540,100,4.3374,N726,CCTAAGAC,S516,CCTAGAGT,,NA,NA,878N,P_240507_Salan006_C16S_setD,1,CCTAAGAC-ACTCTAGG,286366,274819,11547,0,0.0021,0.9597,0.0403,0,PASS
HTFCO2,0,0,CTAB,0,0,D9,0,SetD,D9,0,1.3411,540,100,3.763,N726,CCTAAGAC,S517,GCGTAAGA,,NA,NA,878N,P_240507_Salan006_C16S_setD,1,CCTAAGAC-TCTTACGC,282716,271102,11614,0,0.0021,0.9589,0.0411,0,PASS
HTF46T0,0,0,CTAB,0,0,E9,0,SetD,E9,0,,540,100,,N726,CCTAAGAC,S518,CTATTAAG,,NA,NA,878N,P_240507_Salan006_C16S_setD,1,CCTAAGAC-CTTAATAG,25830,23226,2604,0,0.0002,0.8992,0.1008,0,FAILED
HTF39T0,0,0,CTAB,0,0,F9,0,SetD,F9,0,2.779,540,100,7.7974,N726,CCTAAGAC,S520,AAGGCTAT,,NA,NA,878N,P_240507_Salan006_C16S_setD,1,CCTAAGAC-ATAGCCTT,168294,157961,10333,0,0.0012,0.9386,0.0614,0,PASS
HTF32T0,0,0,Zymo,0,0,G9,0,SetD,G9,0,2.4883,540,100,6.9819,N726,CCTAAGAC,S521,GAGCCTTA,,NA,NA,878N,P_240507_Salan006_C16S_setD,1,CCTAAGAC-TAAGGCTC,119191,114169,5022,0,0.0009,0.9579,0.0421,0,PASS
HTF50T1,0,0,CTAB,0,0,H9,0,SetD,H9,0,3.2047,540,100,8.992,N726,CCTAAGAC,S522,TTATGCGA,,NA,NA,878N,P_240507_Salan006_C16S_setD,1,CCTAAGAC-TCGCATAA,127309,121360,5949,0,0.0009,0.9533,0.0467,0,PASS
HTF57T0,0,0,Zymo,0,0,A10,0,SetD,A10,0,1.8106,540,100,5.0804,N727,CGATCAGT,S513,TCGACTAG,,NA,NA,878N,P_240507_Salan006_C16S_setD,1,CGATCAGT-CTAGTCGA,102405,96819,5586,0,0.0008,0.9455,0.0545,0,PASS
HTF51T0,0,0,Zymo,0,0,B10,0,SetD,B10,0,2.6545,540,100,7.4482,N727,CGATCAGT,S515,TTCTAGCT,,NA,NA,878N,P_240507_Salan006_C16S_setD,1,CGATCAGT-AGCTAGAA,126555,120245,6310,0,0.0009,0.9501,0.0499,0,PASS
HTF56T1,0,0,CTAB,0,0,C10,0,SetD,C10,0,2.3403,540,100,6.5666,N727,CGATCAGT,S516,CCTAGAGT,,NA,NA,878N,P_240507_Salan006_C16S_setD,1,CGATCAGT-ACTCTAGG,121806,116241,5565,0,0.0009,0.9543,0.0457,0,PASS
HTF45T1,0,0,Other,0,0,D10,0,SetD,D10,0,2.4389,540,100,6.8432,N727,CGATCAGT,S517,GCGTAAGA,,NA,NA,878N,P_240507_Salan006_C16S_setD,1,CGATCAGT-TCTTACGC,108774,103842,4932,0,0.0008,0.9547,0.0453,0,PASS
HTF50T0,0,0,CTAB,0,0,E10,0,SetD,E10,0,2.5527,540,100,7.1626,N727,CGATCAGT,S518,CTATTAAG,,NA,NA,878N,P_240507_Salan006_C16S_setD,1,CGATCAGT-CTTAATAG,168397,158202,10195,0,0.0012,0.9395,0.0605,0,PASS
HTF49T1,0,0,Zymo,0,0,F10,0,SetD,F10,0,2.8538,540,100,8.0073,N727,CGATCAGT,S520,AAGGCTAT,,NA,NA,878N,P_240507_Salan006_C16S_setD,1,CGATCAGT-ATAGCCTT,138825,130689,8136,0,0.001,0.9414,0.0586,0,PASS
HTF55T1,0,0,Zymo,0,0,G10,0,SetD,G10,0,,540,100,,N727,CGATCAGT,S521,GAGCCTTA,,NA,NA,878N,P_240507_Salan006_C16S_setD,1,CGATCAGT-TAAGGCTC,7239,5879,1360,0,0.0001,0.8121,0.1879,0,FAILED
HTF45T0,0,0,CTAB,0,0,H10,0,SetD,H10,0,2.6374,540,100,7.4003,N727,CGATCAGT,S522,TTATGCGA,,NA,NA,878N,P_240507_Salan006_C16S_setD,1,CGATCAGT-TCGCATAA,122198,116736,5462,0,0.0009,0.9553,0.0447,0,PASS
HTF37T1,0,0,CTAB,0,0,A11,0,SetD,A11,0,2.6153,540,100,7.3381,N728,TGCAGCTA,S513,TCGACTAG,,NA,NA,878N,P_240507_Salan006_C16S_setD,1,TGCAGCTA-CTAGTCGA,147148,139833,7315,0,0.0011,0.9503,0.0497,0,PASS
HTF31T1,0,0,Zymo,0,0,B11,0,SetD,B11,0,0.6128,540,100,1.7195,N728,TGCAGCTA,S515,TTCTAGCT,,NA,NA,878N,P_240507_Salan006_C16S_setD,1,TGCAGCTA-AGCTAGAA,22674,20594,2080,0,0.0002,0.9083,0.0917,0,FAILED
HTF31T0,0,0,CTAB,0,0,C11,0,SetD,C11,0,1.6517,540,100,4.6344,N728,TGCAGCTA,S516,CCTAGAGT,,NA,NA,878N,P_240507_Salan006_C16S_setD,1,TGCAGCTA-ACTCTAGG,114728,109608,5120,0,0.0008,0.9554,0.0446,0,PASS
HTF37T0,0,0,Zymo,0,0,D11,0,SetD,D11,0,1.1117,540,100,3.1194,N728,TGCAGCTA,S517,GCGTAAGA,,NA,NA,878N,P_240507_Salan006_C16S_setD,1,TGCAGCTA-TCTTACGC,53541,50725,2816,0,0.0004,0.9474,0.0526,0,FAILED
HTF30T1,0,0,CTAB,0,0,E11,0,SetD,E11,0,0.5595,540,100,1.57,N728,TGCAGCTA,S518,CTATTAAG,,NA,NA,878N,P_240507_Salan006_C16S_setD,1,TGCAGCTA-CTTAATAG,10896,9293,1603,0,0.0001,0.8529,0.1471,0,FAILED
HTF36T1,0,0,CTAB,0,0,F11,0,SetD,F11,0,2.8583,540,100,8.0199,N728,TGCAGCTA,S520,AAGGCTAT,,NA,NA,878N,P_240507_Salan006_C16S_setD,1,TGCAGCTA-ATAGCCTT,148007,140758,7249,0,0.0011,0.951,0.049,0,PASS
HTF36T0,0,0,CTAB,0,0,G11,0,SetD,G11,0,0.8446,540,100,2.3698,N728,TGCAGCTA,S521,GAGCCTTA,,NA,NA,878N,P_240507_Salan006_C16S_setD,1,TGCAGCTA-TAAGGCTC,11181,9929,1252,0,0.0001,0.888,0.112,0,FAILED
HTF30T0,0,0,Zymo,0,0,H11,0,SetD,H11,0,6.8902,540,100,19.3326,N728,TGCAGCTA,S522,TTATGCGA,,NA,NA,878N,P_240507_Salan006_C16S_setD,1,TGCAGCTA-TCGCATAA,208146,199680,8466,0,0.0015,0.9593,0.0407,0,PASS
HTF44T1,0,0,CTAB,0,0,A12,0,SetD,A12,0,3.7138,540,100,10.4202,N729,TCGACGTC,S513,TCGACTAG,,NA,NA,878N,P_240507_Salan006_C16S_setD,1,TCGACGTC-CTAGTCGA,156899,144805,12094,0,0.0011,0.9229,0.0771,0,PASS
HTF44T0,0,0,CTAB,0,0,B12,0,SetD,B12,0,0.0956,540,100,0.2681,N729,TCGACGTC,S515,TTCTAGCT,,NA,NA,878N,P_240507_Salan006_C16S_setD,1,TCGACGTC-AGCTAGAA,129835,124146,5689,0,0.001,0.9562,0.0438,0,PASS
standard_setD_240612,0,0,Zymo,0,0,C12,0,SetD,C12,0,2.7242,540,100,7.6437,N729,TCGACGTC,S516,CCTAGAGT,,NA,NA,878N,P_240507_Salan006_C16S_setD,1,TCGACGTC-ACTCTAGG,152470,145038,7432,0,0.0011,0.9513,0.0487,0,PASS
NTC_setD_240612,0,0,Zymo,0,0,D12,0,SetD,D12,0,0.8335,540,100,2.3386,N729,TCGACGTC,S517,GCGTAAGA,,NA,NA,878N,P_240507_Salan006_C16S_setD,1,TCGACGTC-TCTTACGC,250565,237674,12891,0,0.0018,0.9486,0.0514,0,PASS
stdw_setD_240612,0,0,Other,0,0,E12,0,SetD,E12,0,0.4105,540,100,1.1517,N729,TCGACGTC,S518,CTATTAAG,,NA,NA,878N,P_240507_Salan006_C16S_setD,1,TCGACGTC-CTTAATAG,282011,244534,37477,0,0.0021,0.8671,0.1329,0,PASS
eb_setD_240612,0,0,Zymo,0,0,F12,0,SetD,F12,0,2.3098,540,100,6.4811,N729,TCGACGTC,S520,AAGGCTAT,,NA,NA,878N,P_240507_Salan006_C16S_setD,1,TCGACGTC-ATAGCCTT,274491,250672,23819,0,0.002,0.9132,0.0868,0,PASS
pos_setD_240612,0,0,0,0,0,G12,0,SetD,G12,0,3.1042,540,100,8.71,N729,TCGACGTC,S521,GAGCCTTA,,NA,NA,878N,P_240507_Salan006_C16S_setD,1,TCGACGTC-TAAGGCTC,188335,180455,7880,0,0.0014,0.9582,0.0418,0,PASS
neg_setD_240612,0,0,0,0,0,H12,0,SetD,H12,0,4.7156,540,100,13.2311,N729,TCGACGTC,S522,TTATGCGA,,NA,NA,878N,P_240507_Salan006_C16S_setD,1,TCGACGTC-TCGCATAA,221282,211898,9384,0,0.0016,0.9576,0.0424,0,PASS
